Date,Open,High,Low,Close,Volume,Dividends,Stock Splits,To Grade,Intangible Assets,Capital Surplus,Total Liab,Total Stockholder Equity,Other Current Liab,Total Assets,Common Stock,Retained Earnings,Other Liab,Good Will,Treasury Stock,Other Assets,Cash,Total Current Liabilities,Deferred Long Term Asset Charges,Short Long Term Debt,Other Stockholder Equity,Property Plant Equipment,Total Current Assets,Long Term Investments,Net Tangible Assets,Short Term Investments,Net Receivables,Long Term Debt,Inventory,Accounts Payable,Revenue,Earnings
2012-02-13,,,,,,,,4.0,,,,,,,,,,,,,,,,,,,,,,,,,,,,
2012-02-16,,,,,,,,2.5,,,,,,,,,,,,,,,,,,,,,,,,,,,,
2012-04-05,,,,,,,,5.0,,,,,,,,,,,,,,,,,,,,,,,,,,,,
2012-05-14,,,,,,,,4.0,,,,,,,,,,,,,,,,,,,,,,,,,,,,
2012-05-31,,,,,,,,3.0,,,,,,,,,,,,,,,,,,,,,,,,,,,,
2012-06-11,,,,,,,,5.0,,,,,,,,,,,,,,,,,,,,,,,,,,,,
2012-06-25,,,,,,,,5.0,,,,,,,,,,,,,,,,,,,,,,,,,,,,
2012-06-28,,,,,,,,3.0,,,,,,,,,,,,,,,,,,,,,,,,,,,,
2012-07-10,,,,,,,,5.0,,,,,,,,,,,,,,,,,,,,,,,,,,,,
2012-08-07,,,,,,,,4.0,,,,,,,,,,,,,,,,,,,,,,,,,,,,
2012-08-10,,,,,,,,3.857142857142857,,,,,,,,,,,,,,,,,,,,,,,,,,,,
2012-09-13,,,,,,,,3.0,,,,,,,,,,,,,,,,,,,,,,,,,,,,
2012-09-28,,,,,,,,3.0,,,,,,,,,,,,,,,,,,,,,,,,,,,,
2012-10-10,,,,,,,,3.0,,,,,,,,,,,,,,,,,,,,,,,,,,,,
2012-10-19,,,,,,,,3.0,,,,,,,,,,,,,,,,,,,,,,,,,,,,
2012-11-05,,,,,,,,3.0,,,,,,,,,,,,,,,,,,,,,,,,,,,,
2012-11-06,,,,,,,,5.0,,,,,,,,,,,,,,,,,,,,,,,,,,,,
2012-11-07,,,,,,,,4.0,,,,,,,,,,,,,,,,,,,,,,,,,,,,
2012-11-09,,,,,,,,3.6666666666666665,,,,,,,,,,,,,,,,,,,,,,,,,,,,
2012-12-05,,,,,,,,3.0,,,,,,,,,,,,,,,,,,,,,,,,,,,,
2013-01-03,,,,,,,,3.0,,,,,,,,,,,,,,,,,,,,,,,,,,,,
2013-02-12,,,,,,,,3.0,,,,,,,,,,,,,,,,,,,,,,,,,,,,
2013-02-14,,,,,,,,3.8,,,,,,,,,,,,,,,,,,,,,,,,,,,,
2013-03-11,,,,,,,,1.5,,,,,,,,,,,,,,,,,,,,,,,,,,,,
2013-05-23,,,,,,,,3.0,,,,,,,,,,,,,,,,,,,,,,,,,,,,
2013-07-31,,,,,,,,3.0,,,,,,,,,,,,,,,,,,,,,,,,,,,,
2013-08-09,,,,,,,,5.0,,,,,,,,,,,,,,,,,,,,,,,,,,,,
2013-10-11,,,,,,,,2.0,,,,,,,,,,,,,,,,,,,,,,,,,,,,
2013-11-08,,,,,,,,3.0,,,,,,,,,,,,,,,,,,,,,,,,,,,,
2013-11-18,,,,,,,,2.0,,,,,,,,,,,,,,,,,,,,,,,,,,,,
2014-01-09,,,,,,,,3.0,,,,,,,,,,,,,,,,,,,,,,,,,,,,
2014-01-21,,,,,,,,3.0,,,,,,,,,,,,,,,,,,,,,,,,,,,,
2014-02-03,,,,,,,,3.0,,,,,,,,,,,,,,,,,,,,,,,,,,,,
2014-02-13,,,,,,,,4.0,,,,,,,,,,,,,,,,,,,,,,,,,,,,
2014-03-19,,,,,,,,5.0,,,,,,,,,,,,,,,,,,,,,,,,,,,,
2014-03-21,,,,,,,,2.0,,,,,,,,,,,,,,,,,,,,,,,,,,,,
2014-04-01,,,,,,,,4.0,,,,,,,,,,,,,,,,,,,,,,,,,,,,
2014-04-10,,,,,,,,3.0,,,,,,,,,,,,,,,,,,,,,,,,,,,,
2014-05-09,,,,,,,,3.5,,,,,,,,,,,,,,,,,,,,,,,,,,,,
2014-05-19,,,,,,,,4.0,,,,,,,,,,,,,,,,,,,,,,,,,,,,
2014-06-19,,,,,,,,2.0,,,,,,,,,,,,,,,,,,,,,,,,,,,,
2014-06-23,,,,,,,,2.0,,,,,,,,,,,,,,,,,,,,,,,,,,,,
2014-08-08,,,,,,,,5.0,,,,,,,,,,,,,,,,,,,,,,,,,,,,
2014-11-03,,,,,,,,3.0,,,,,,,,,,,,,,,,,,,,,,,,,,,,
2014-11-07,,,,,,,,4.0,,,,,,,,,,,,,,,,,,,,,,,,,,,,
2014-11-25,,,,,,,,5.0,,,,,,,,,,,,,,,,,,,,,,,,,,,,
2014-12-19,,,,,,,,3.0,,,,,,,,,,,,,,,,,,,,,,,,,,,,
2015-02-12,,,,,,,,5.0,,,,,,,,,,,,,,,,,,,,,,,,,,,,
2015-03-10,,,,,,,,5.0,,,,,,,,,,,,,,,,,,,,,,,,,,,,
2015-03-23,,,,,,,,1.0,,,,,,,,,,,,,,,,,,,,,,,,,,,,
2015-05-08,,,,,,,,4.0,,,,,,,,,,,,,,,,,,,,,,,,,,,,
2015-06-10,,,,,,,,3.0,,,,,,,,,,,,,,,,,,,,,,,,,,,,
2015-06-17,,,,,,,,5.0,,,,,,,,,,,,,,,,,,,,,,,,,,,,
2015-08-03,,,,,,,,4.0,,,,,,,,,,,,,,,,,,,,,,,,,,,,
2015-08-07,,,,,,,,3.75,,,,,,,,,,,,,,,,,,,,,,,,,,,,
2015-09-17,,,,,,,,5.0,,,,,,,,,,,,,,,,,,,,,,,,,,,,
2015-10-12,,,,,,,,3.0,,,,,,,,,,,,,,,,,,,,,,,,,,,,
2015-10-30,,,,,,,,3.0,,,,,,,,,,,,,,,,,,,,,,,,,,,,
2015-11-03,,,,,,,,3.0,,,,,,,,,,,,,,,,,,,,,,,,,,,,
2015-11-06,,,,,,,,3.5,,,,,,,,,,,,,,,,,,,,,,,,,,,,
2015-11-16,,,,,,,,5.0,,,,,,,,,,,,,,,,,,,,,,,,,,,,
2016-01-14,,,,,,,,2.0,,,,,,,,,,,,,,,,,,,,,,,,,,,,
2016-02-18,,,,,,,,3.0,,,,,,,,,,,,,,,,,,,,,,,,,,,,
2016-04-04,,,,,,,,5.0,,,,,,,,,,,,,,,,,,,,,,,,,,,,
2016-04-06,,,,,,,,3.0,,,,,,,,,,,,,,,,,,,,,,,,,,,,
2016-05-13,,,,,,,,4.0,,,,,,,,,,,,,,,,,,,,,,,,,,,,
2016-06-02,,,,,,,,5.0,,,,,,,,,,,,,,,,,,,,,,,,,,,,
2016-06-13,,,,,,,,5.0,,,,,,,,,,,,,,,,,,,,,,,,,,,,
2016-07-15,,,,,,,,3.5,,,,,,,,,,,,,,,,,,,,,,,,,,,,
2016-08-08,,,,,,,,5.0,,,,,,,,,,,,,,,,,,,,,,,,,,,,
2016-08-10,,,,,,,,2.0,,,,,,,,,,,,,,,,,,,,,,,,,,,,
2016-08-12,,,,,,,,4.0,,,,,,,,,,,,,,,,,,,,,,,,,,,,
2016-09-20,,,,,,,,3.0,,,,,,,,,,,,,,,,,,,,,,,,,,,,
2016-11-02,,,,,,,,5.0,,,,,,,,,,,,,,,,,,,,,,,,,,,,
2016-11-11,,,,,,,,3.0,,,,,,,,,,,,,,,,,,,,,,,,,,,,
2016-11-14,,,,,,,,5.0,,,,,,,,,,,,,,,,,,,,,,,,,,,,
2016-11-22,,,,,,,,5.0,,,,,,,,,,,,,,,,,,,,,,,,,,,,
2016-12-13,,,,,,,,5.0,,,,,,,,,,,,,,,,,,,,,,,,,,,,
2016-12-14,,,,,,,,5.0,,,,,,,,,,,,,,,,,,,,,,,,,,,,
2016-12-20,,,,,,,,5.0,,,,,,,,,,,,,,,,,,,,,,,,,,,,
2017-02-06,,,,,,,,3.0,,,,,,,,,,,,,,,,,,,,,,,,,,,,
2017-02-23,,,,,,,,2.0,,,,,,,,,,,,,,,,,,,,,,,,,,,,
2017-03-13,,,,,,,,1.5,,,,,,,,,,,,,,,,,,,,,,,,,,,,
2017-03-31,,,,,,,,3.0,,,,,,,,,,,,,,,,,,,,,,,,,,,,
2017-04-04,,,,,,,,2.0,,,,,,,,,,,,,,,,,,,,,,,,,,,,
2017-05-19,,,,,,,,4.0,,,,,,,,,,,,,,,,,,,,,,,,,,,,
2017-06-20,,,,,,,,3.0,,,,,,,,,,,,,,,,,,,,,,,,,,,,
2017-07-11,,,,,,,,5.0,,,,,,,,,,,,,,,,,,,,,,,,,,,,
2017-07-12,,,,,,,,5.0,,,,,,,,,,,,,,,,,,,,,,,,,,,,
2017-08-11,,,,,,,,3.1666666666666665,,,,,,,,,,,,,,,,,,,,,,,,,,,,
2017-08-14,,,,,,,,5.0,,,,,,,,,,,,,,,,,,,,,,,,,,,,
2017-09-18,,,,,,,,5.0,,,,,,,,,,,,,,,,,,,,,,,,,,,,
2017-10-04,,,,,,,,3.0,,,,,,,,,,,,,,,,,,,,,,,,,,,,
2017-11-08,,,,,,,,3.0,,,,,,,,,,,,,,,,,,,,,,,,,,,,
2017-11-10,,,,,,,,3.5,,,,,,,,,,,,,,,,,,,,,,,,,,,,
2017-11-13,,,,,,,,3.0,,,,,,,,,,,,,,,,,,,,,,,,,,,,
2017-11-17,,,,,,,,5.0,,,,,,,,,,,,,,,,,,,,,,,,,,,,
2018-01-28,,,,,,,,5.0,52000000.0,5351000000.0,3770000000.0,7471000000.0,318000000.0,11241000000.0,1000000.0,8787000000.0,632000000.0,618000000.0,-6668000000.0,319000000.0,4002000000.0,1153000000.0,245000000.0,15000000.0,-18000000.0,997000000.0,9255000000.0,,6801000000.0,3106000000.0,1265000000.0,1985000000.0,796000000.0,596000000.0,,
2018-02-09,,,,,,,,3.5,52000000.0,5351000000.0,3770000000.0,7471000000.0,318000000.0,11241000000.0,1000000.0,8787000000.0,632000000.0,618000000.0,-6668000000.0,319000000.0,4002000000.0,1153000000.0,245000000.0,15000000.0,-18000000.0,997000000.0,9255000000.0,,6801000000.0,3106000000.0,1265000000.0,1985000000.0,796000000.0,596000000.0,,
2018-04-05,,,,,,,,3.0,52000000.0,5351000000.0,3770000000.0,7471000000.0,318000000.0,11241000000.0,1000000.0,8787000000.0,632000000.0,618000000.0,-6668000000.0,319000000.0,4002000000.0,1153000000.0,245000000.0,15000000.0,-18000000.0,997000000.0,9255000000.0,,6801000000.0,3106000000.0,1265000000.0,1985000000.0,796000000.0,596000000.0,,
2018-04-09,,,,,,,,4.0,52000000.0,5351000000.0,3770000000.0,7471000000.0,318000000.0,11241000000.0,1000000.0,8787000000.0,632000000.0,618000000.0,-6668000000.0,319000000.0,4002000000.0,1153000000.0,245000000.0,15000000.0,-18000000.0,997000000.0,9255000000.0,,6801000000.0,3106000000.0,1265000000.0,1985000000.0,796000000.0,596000000.0,,
2018-04-10,,,,,,,,4.0,52000000.0,5351000000.0,3770000000.0,7471000000.0,318000000.0,11241000000.0,1000000.0,8787000000.0,632000000.0,618000000.0,-6668000000.0,319000000.0,4002000000.0,1153000000.0,245000000.0,15000000.0,-18000000.0,997000000.0,9255000000.0,,6801000000.0,3106000000.0,1265000000.0,1985000000.0,796000000.0,596000000.0,,
2018-05-03,,,,,,,,4.0,52000000.0,5351000000.0,3770000000.0,7471000000.0,318000000.0,11241000000.0,1000000.0,8787000000.0,632000000.0,618000000.0,-6668000000.0,319000000.0,4002000000.0,1153000000.0,245000000.0,15000000.0,-18000000.0,997000000.0,9255000000.0,,6801000000.0,3106000000.0,1265000000.0,1985000000.0,796000000.0,596000000.0,,
2018-05-05,,,,,,,,5.0,52000000.0,5351000000.0,3770000000.0,7471000000.0,318000000.0,11241000000.0,1000000.0,8787000000.0,632000000.0,618000000.0,-6668000000.0,319000000.0,4002000000.0,1153000000.0,245000000.0,15000000.0,-18000000.0,997000000.0,9255000000.0,,6801000000.0,3106000000.0,1265000000.0,1985000000.0,796000000.0,596000000.0,,
2018-05-08,,,,,,,,3.0,52000000.0,5351000000.0,3770000000.0,7471000000.0,318000000.0,11241000000.0,1000000.0,8787000000.0,632000000.0,618000000.0,-6668000000.0,319000000.0,4002000000.0,1153000000.0,245000000.0,15000000.0,-18000000.0,997000000.0,9255000000.0,,6801000000.0,3106000000.0,1265000000.0,1985000000.0,796000000.0,596000000.0,,
2018-05-11,,,,,,,,4.0,52000000.0,5351000000.0,3770000000.0,7471000000.0,318000000.0,11241000000.0,1000000.0,8787000000.0,632000000.0,618000000.0,-6668000000.0,319000000.0,4002000000.0,1153000000.0,245000000.0,15000000.0,-18000000.0,997000000.0,9255000000.0,,6801000000.0,3106000000.0,1265000000.0,1985000000.0,796000000.0,596000000.0,,
2018-05-17,,,,,,,,4.0,52000000.0,5351000000.0,3770000000.0,7471000000.0,318000000.0,11241000000.0,1000000.0,8787000000.0,632000000.0,618000000.0,-6668000000.0,319000000.0,4002000000.0,1153000000.0,245000000.0,15000000.0,-18000000.0,997000000.0,9255000000.0,,6801000000.0,3106000000.0,1265000000.0,1985000000.0,796000000.0,596000000.0,,
2018-06-26,,,,,,,,4.5,52000000.0,5351000000.0,3770000000.0,7471000000.0,318000000.0,11241000000.0,1000000.0,8787000000.0,632000000.0,618000000.0,-6668000000.0,319000000.0,4002000000.0,1153000000.0,245000000.0,15000000.0,-18000000.0,997000000.0,9255000000.0,,6801000000.0,3106000000.0,1265000000.0,1985000000.0,796000000.0,596000000.0,,
2018-08-15,,,,,,,,4.0,52000000.0,5351000000.0,3770000000.0,7471000000.0,318000000.0,11241000000.0,1000000.0,8787000000.0,632000000.0,618000000.0,-6668000000.0,319000000.0,4002000000.0,1153000000.0,245000000.0,15000000.0,-18000000.0,997000000.0,9255000000.0,,6801000000.0,3106000000.0,1265000000.0,1985000000.0,796000000.0,596000000.0,,
2018-08-17,,,,,,,,3.5,52000000.0,5351000000.0,3770000000.0,7471000000.0,318000000.0,11241000000.0,1000000.0,8787000000.0,632000000.0,618000000.0,-6668000000.0,319000000.0,4002000000.0,1153000000.0,245000000.0,15000000.0,-18000000.0,997000000.0,9255000000.0,,6801000000.0,3106000000.0,1265000000.0,1985000000.0,796000000.0,596000000.0,,
2018-09-25,,,,,,,,3.0,52000000.0,5351000000.0,3770000000.0,7471000000.0,318000000.0,11241000000.0,1000000.0,8787000000.0,632000000.0,618000000.0,-6668000000.0,319000000.0,4002000000.0,1153000000.0,245000000.0,15000000.0,-18000000.0,997000000.0,9255000000.0,,6801000000.0,3106000000.0,1265000000.0,1985000000.0,796000000.0,596000000.0,,
2018-10-30,,,,,,,,4.0,52000000.0,5351000000.0,3770000000.0,7471000000.0,318000000.0,11241000000.0,1000000.0,8787000000.0,632000000.0,618000000.0,-6668000000.0,319000000.0,4002000000.0,1153000000.0,245000000.0,15000000.0,-18000000.0,997000000.0,9255000000.0,,6801000000.0,3106000000.0,1265000000.0,1985000000.0,796000000.0,596000000.0,,
2018-11-08,,,,,,,,4.0,52000000.0,5351000000.0,3770000000.0,7471000000.0,318000000.0,11241000000.0,1000000.0,8787000000.0,632000000.0,618000000.0,-6668000000.0,319000000.0,4002000000.0,1153000000.0,245000000.0,15000000.0,-18000000.0,997000000.0,9255000000.0,,6801000000.0,3106000000.0,1265000000.0,1985000000.0,796000000.0,596000000.0,,
2018-11-12,,,,,,,,5.0,52000000.0,5351000000.0,3770000000.0,7471000000.0,318000000.0,11241000000.0,1000000.0,8787000000.0,632000000.0,618000000.0,-6668000000.0,319000000.0,4002000000.0,1153000000.0,245000000.0,15000000.0,-18000000.0,997000000.0,9255000000.0,,6801000000.0,3106000000.0,1265000000.0,1985000000.0,796000000.0,596000000.0,,
2018-11-13,,,,,,,,4.75,52000000.0,5351000000.0,3770000000.0,7471000000.0,318000000.0,11241000000.0,1000000.0,8787000000.0,632000000.0,618000000.0,-6668000000.0,319000000.0,4002000000.0,1153000000.0,245000000.0,15000000.0,-18000000.0,997000000.0,9255000000.0,,6801000000.0,3106000000.0,1265000000.0,1985000000.0,796000000.0,596000000.0,,
2018-11-16,,,,,,,,3.9,52000000.0,5351000000.0,3770000000.0,7471000000.0,318000000.0,11241000000.0,1000000.0,8787000000.0,632000000.0,618000000.0,-6668000000.0,319000000.0,4002000000.0,1153000000.0,245000000.0,15000000.0,-18000000.0,997000000.0,9255000000.0,,6801000000.0,3106000000.0,1265000000.0,1985000000.0,796000000.0,596000000.0,,
2018-11-20,,,,,,,,2.0,52000000.0,5351000000.0,3770000000.0,7471000000.0,318000000.0,11241000000.0,1000000.0,8787000000.0,632000000.0,618000000.0,-6668000000.0,319000000.0,4002000000.0,1153000000.0,245000000.0,15000000.0,-18000000.0,997000000.0,9255000000.0,,6801000000.0,3106000000.0,1265000000.0,1985000000.0,796000000.0,596000000.0,,
2018-11-26,,,,,,,,4.0,52000000.0,5351000000.0,3770000000.0,7471000000.0,318000000.0,11241000000.0,1000000.0,8787000000.0,632000000.0,618000000.0,-6668000000.0,319000000.0,4002000000.0,1153000000.0,245000000.0,15000000.0,-18000000.0,997000000.0,9255000000.0,,6801000000.0,3106000000.0,1265000000.0,1985000000.0,796000000.0,596000000.0,,
2018-12-12,,,,,,,,4.0,52000000.0,5351000000.0,3770000000.0,7471000000.0,318000000.0,11241000000.0,1000000.0,8787000000.0,632000000.0,618000000.0,-6668000000.0,319000000.0,4002000000.0,1153000000.0,245000000.0,15000000.0,-18000000.0,997000000.0,9255000000.0,,6801000000.0,3106000000.0,1265000000.0,1985000000.0,796000000.0,596000000.0,,
2018-12-27,,,,,,,,4.0,52000000.0,5351000000.0,3770000000.0,7471000000.0,318000000.0,11241000000.0,1000000.0,8787000000.0,632000000.0,618000000.0,-6668000000.0,319000000.0,4002000000.0,1153000000.0,245000000.0,15000000.0,-18000000.0,997000000.0,9255000000.0,,6801000000.0,3106000000.0,1265000000.0,1985000000.0,796000000.0,596000000.0,,
2018-12-31 00:00:00,,,,,,,,4.0,52000000.0,5351000000.0,3770000000.0,7471000000.0,318000000.0,11241000000.0,1000000.0,8787000000.0,632000000.0,618000000.0,-6668000000.0,319000000.0,4002000000.0,1153000000.0,245000000.0,15000000.0,-18000000.0,997000000.0,9255000000.0,,6801000000.0,3106000000.0,1265000000.0,1985000000.0,796000000.0,596000000.0,9714000000.0,3047000000.0
2019-01-27,,,,,,,,4.0,45000000.0,6051000000.0,3950000000.0,9342000000.0,618000000.0,13292000000.0,1000000.0,12565000000.0,633000000.0,618000000.0,-9275000000.0,668000000.0,782000000.0,1329000000.0,560000000.0,15000000.0,-12000000.0,1404000000.0,10557000000.0,,8679000000.0,6640000000.0,1424000000.0,1988000000.0,1575000000.0,511000000.0,9714000000.0,3047000000.0
2019-01-29,,,,,,,,3.3333333333333335,45000000.0,6051000000.0,3950000000.0,9342000000.0,618000000.0,13292000000.0,1000000.0,12565000000.0,633000000.0,618000000.0,-9275000000.0,668000000.0,782000000.0,1329000000.0,560000000.0,15000000.0,-12000000.0,1404000000.0,10557000000.0,,8679000000.0,6640000000.0,1424000000.0,1988000000.0,1575000000.0,511000000.0,9714000000.0,3047000000.0
2019-02-11,,,,,,,,3.0,45000000.0,6051000000.0,3950000000.0,9342000000.0,618000000.0,13292000000.0,1000000.0,12565000000.0,633000000.0,618000000.0,-9275000000.0,668000000.0,782000000.0,1329000000.0,560000000.0,15000000.0,-12000000.0,1404000000.0,10557000000.0,,8679000000.0,6640000000.0,1424000000.0,1988000000.0,1575000000.0,511000000.0,9714000000.0,3047000000.0
2019-02-22,,,,,,,,4.0,45000000.0,6051000000.0,3950000000.0,9342000000.0,618000000.0,13292000000.0,1000000.0,12565000000.0,633000000.0,618000000.0,-9275000000.0,668000000.0,782000000.0,1329000000.0,560000000.0,15000000.0,-12000000.0,1404000000.0,10557000000.0,,8679000000.0,6640000000.0,1424000000.0,1988000000.0,1575000000.0,511000000.0,9714000000.0,3047000000.0
2019-03-26,,,,,,,,4.0,45000000.0,6051000000.0,3950000000.0,9342000000.0,618000000.0,13292000000.0,1000000.0,12565000000.0,633000000.0,618000000.0,-9275000000.0,668000000.0,782000000.0,1329000000.0,560000000.0,15000000.0,-12000000.0,1404000000.0,10557000000.0,,8679000000.0,6640000000.0,1424000000.0,1988000000.0,1575000000.0,511000000.0,9714000000.0,3047000000.0
2019-04-03,,,,,,,,3.0,45000000.0,6051000000.0,3950000000.0,9342000000.0,618000000.0,13292000000.0,1000000.0,12565000000.0,633000000.0,618000000.0,-9275000000.0,668000000.0,782000000.0,1329000000.0,560000000.0,15000000.0,-12000000.0,1404000000.0,10557000000.0,,8679000000.0,6640000000.0,1424000000.0,1988000000.0,1575000000.0,511000000.0,9714000000.0,3047000000.0
2019-04-12,,,,,,,,1.0,45000000.0,6051000000.0,3950000000.0,9342000000.0,618000000.0,13292000000.0,1000000.0,12565000000.0,633000000.0,618000000.0,-9275000000.0,668000000.0,782000000.0,1329000000.0,560000000.0,15000000.0,-12000000.0,1404000000.0,10557000000.0,,8679000000.0,6640000000.0,1424000000.0,1988000000.0,1575000000.0,511000000.0,9714000000.0,3047000000.0
2019-05-13,,,,,,,,3.0,45000000.0,6051000000.0,3950000000.0,9342000000.0,618000000.0,13292000000.0,1000000.0,12565000000.0,633000000.0,618000000.0,-9275000000.0,668000000.0,782000000.0,1329000000.0,560000000.0,15000000.0,-12000000.0,1404000000.0,10557000000.0,,8679000000.0,6640000000.0,1424000000.0,1988000000.0,1575000000.0,511000000.0,9714000000.0,3047000000.0
2019-05-14,,,,,,,,3.0,45000000.0,6051000000.0,3950000000.0,9342000000.0,618000000.0,13292000000.0,1000000.0,12565000000.0,633000000.0,618000000.0,-9275000000.0,668000000.0,782000000.0,1329000000.0,560000000.0,15000000.0,-12000000.0,1404000000.0,10557000000.0,,8679000000.0,6640000000.0,1424000000.0,1988000000.0,1575000000.0,511000000.0,9714000000.0,3047000000.0
2019-05-17,,,,,,,,4.0,45000000.0,6051000000.0,3950000000.0,9342000000.0,618000000.0,13292000000.0,1000000.0,12565000000.0,633000000.0,618000000.0,-9275000000.0,668000000.0,782000000.0,1329000000.0,560000000.0,15000000.0,-12000000.0,1404000000.0,10557000000.0,,8679000000.0,6640000000.0,1424000000.0,1988000000.0,1575000000.0,511000000.0,9714000000.0,3047000000.0
2019-06-06,,,,,,,,4.0,45000000.0,6051000000.0,3950000000.0,9342000000.0,618000000.0,13292000000.0,1000000.0,12565000000.0,633000000.0,618000000.0,-9275000000.0,668000000.0,782000000.0,1329000000.0,560000000.0,15000000.0,-12000000.0,1404000000.0,10557000000.0,,8679000000.0,6640000000.0,1424000000.0,1988000000.0,1575000000.0,511000000.0,9714000000.0,3047000000.0
2019-06-27,,,,,,,,4.0,45000000.0,6051000000.0,3950000000.0,9342000000.0,618000000.0,13292000000.0,1000000.0,12565000000.0,633000000.0,618000000.0,-9275000000.0,668000000.0,782000000.0,1329000000.0,560000000.0,15000000.0,-12000000.0,1404000000.0,10557000000.0,,8679000000.0,6640000000.0,1424000000.0,1988000000.0,1575000000.0,511000000.0,9714000000.0,3047000000.0
2019-07-11,,,,,,,,5.0,45000000.0,6051000000.0,3950000000.0,9342000000.0,618000000.0,13292000000.0,1000000.0,12565000000.0,633000000.0,618000000.0,-9275000000.0,668000000.0,782000000.0,1329000000.0,560000000.0,15000000.0,-12000000.0,1404000000.0,10557000000.0,,8679000000.0,6640000000.0,1424000000.0,1988000000.0,1575000000.0,511000000.0,9714000000.0,3047000000.0
2019-08-16,,,,,,,,3.0,45000000.0,6051000000.0,3950000000.0,9342000000.0,618000000.0,13292000000.0,1000000.0,12565000000.0,633000000.0,618000000.0,-9275000000.0,668000000.0,782000000.0,1329000000.0,560000000.0,15000000.0,-12000000.0,1404000000.0,10557000000.0,,8679000000.0,6640000000.0,1424000000.0,1988000000.0,1575000000.0,511000000.0,9714000000.0,3047000000.0
2019-09-23,,,,,,,,5.0,45000000.0,6051000000.0,3950000000.0,9342000000.0,618000000.0,13292000000.0,1000000.0,12565000000.0,633000000.0,618000000.0,-9275000000.0,668000000.0,782000000.0,1329000000.0,560000000.0,15000000.0,-12000000.0,1404000000.0,10557000000.0,,8679000000.0,6640000000.0,1424000000.0,1988000000.0,1575000000.0,511000000.0,9714000000.0,3047000000.0
2019-10-07,,,,,,,,4.0,45000000.0,6051000000.0,3950000000.0,9342000000.0,618000000.0,13292000000.0,1000000.0,12565000000.0,633000000.0,618000000.0,-9275000000.0,668000000.0,782000000.0,1329000000.0,560000000.0,15000000.0,-12000000.0,1404000000.0,10557000000.0,,8679000000.0,6640000000.0,1424000000.0,1988000000.0,1575000000.0,511000000.0,9714000000.0,3047000000.0
2019-10-15,,,,,,,,5.0,45000000.0,6051000000.0,3950000000.0,9342000000.0,618000000.0,13292000000.0,1000000.0,12565000000.0,633000000.0,618000000.0,-9275000000.0,668000000.0,782000000.0,1329000000.0,560000000.0,15000000.0,-12000000.0,1404000000.0,10557000000.0,,8679000000.0,6640000000.0,1424000000.0,1988000000.0,1575000000.0,511000000.0,9714000000.0,3047000000.0
2019-10-22,,,,,,,,4.0,45000000.0,6051000000.0,3950000000.0,9342000000.0,618000000.0,13292000000.0,1000000.0,12565000000.0,633000000.0,618000000.0,-9275000000.0,668000000.0,782000000.0,1329000000.0,560000000.0,15000000.0,-12000000.0,1404000000.0,10557000000.0,,8679000000.0,6640000000.0,1424000000.0,1988000000.0,1575000000.0,511000000.0,9714000000.0,3047000000.0
2019-11-11,,,,,,,,4.0,45000000.0,6051000000.0,3950000000.0,9342000000.0,618000000.0,13292000000.0,1000000.0,12565000000.0,633000000.0,618000000.0,-9275000000.0,668000000.0,782000000.0,1329000000.0,560000000.0,15000000.0,-12000000.0,1404000000.0,10557000000.0,,8679000000.0,6640000000.0,1424000000.0,1988000000.0,1575000000.0,511000000.0,9714000000.0,3047000000.0
2019-11-12,,,,,,,,4.5,45000000.0,6051000000.0,3950000000.0,9342000000.0,618000000.0,13292000000.0,1000000.0,12565000000.0,633000000.0,618000000.0,-9275000000.0,668000000.0,782000000.0,1329000000.0,560000000.0,15000000.0,-12000000.0,1404000000.0,10557000000.0,,8679000000.0,6640000000.0,1424000000.0,1988000000.0,1575000000.0,511000000.0,9714000000.0,3047000000.0
2019-11-15,,,,,,,,4.230769230769231,45000000.0,6051000000.0,3950000000.0,9342000000.0,618000000.0,13292000000.0,1000000.0,12565000000.0,633000000.0,618000000.0,-9275000000.0,668000000.0,782000000.0,1329000000.0,560000000.0,15000000.0,-12000000.0,1404000000.0,10557000000.0,,8679000000.0,6640000000.0,1424000000.0,1988000000.0,1575000000.0,511000000.0,9714000000.0,3047000000.0
2019-11-25,,,,,,,,4.5,45000000.0,6051000000.0,3950000000.0,9342000000.0,618000000.0,13292000000.0,1000000.0,12565000000.0,633000000.0,618000000.0,-9275000000.0,668000000.0,782000000.0,1329000000.0,560000000.0,15000000.0,-12000000.0,1404000000.0,10557000000.0,,8679000000.0,6640000000.0,1424000000.0,1988000000.0,1575000000.0,511000000.0,9714000000.0,3047000000.0
2019-12-17,,,,,,,,4.0,45000000.0,6051000000.0,3950000000.0,9342000000.0,618000000.0,13292000000.0,1000000.0,12565000000.0,633000000.0,618000000.0,-9275000000.0,668000000.0,782000000.0,1329000000.0,560000000.0,15000000.0,-12000000.0,1404000000.0,10557000000.0,,8679000000.0,6640000000.0,1424000000.0,1988000000.0,1575000000.0,511000000.0,9714000000.0,3047000000.0
2019-12-20,,,,,,,,4.0,45000000.0,6051000000.0,3950000000.0,9342000000.0,618000000.0,13292000000.0,1000000.0,12565000000.0,633000000.0,618000000.0,-9275000000.0,668000000.0,782000000.0,1329000000.0,560000000.0,15000000.0,-12000000.0,1404000000.0,10557000000.0,,8679000000.0,6640000000.0,1424000000.0,1988000000.0,1575000000.0,511000000.0,9714000000.0,3047000000.0
2019-12-31,,,,,,,,5.0,45000000.0,6051000000.0,3950000000.0,9342000000.0,618000000.0,13292000000.0,1000000.0,12565000000.0,633000000.0,618000000.0,-9275000000.0,668000000.0,782000000.0,1329000000.0,560000000.0,15000000.0,-12000000.0,1404000000.0,10557000000.0,,8679000000.0,6640000000.0,1424000000.0,1988000000.0,1575000000.0,511000000.0,11716000000.0,4141000000.0
2020-01-10,,,,,,,,5.0,45000000.0,6051000000.0,3950000000.0,9342000000.0,618000000.0,13292000000.0,1000000.0,12565000000.0,633000000.0,618000000.0,-9275000000.0,668000000.0,782000000.0,1329000000.0,560000000.0,15000000.0,-12000000.0,1404000000.0,10557000000.0,,8679000000.0,6640000000.0,1424000000.0,1988000000.0,1575000000.0,511000000.0,11716000000.0,4141000000.0
2020-01-13,,,,,,,,4.333333333333333,45000000.0,6051000000.0,3950000000.0,9342000000.0,618000000.0,13292000000.0,1000000.0,12565000000.0,633000000.0,618000000.0,-9275000000.0,668000000.0,782000000.0,1329000000.0,560000000.0,15000000.0,-12000000.0,1404000000.0,10557000000.0,,8679000000.0,6640000000.0,1424000000.0,1988000000.0,1575000000.0,511000000.0,11716000000.0,4141000000.0
2020-01-15,,,,,,,,4.0,45000000.0,6051000000.0,3950000000.0,9342000000.0,618000000.0,13292000000.0,1000000.0,12565000000.0,633000000.0,618000000.0,-9275000000.0,668000000.0,782000000.0,1329000000.0,560000000.0,15000000.0,-12000000.0,1404000000.0,10557000000.0,,8679000000.0,6640000000.0,1424000000.0,1988000000.0,1575000000.0,511000000.0,11716000000.0,4141000000.0
2020-01-23,,,,,,,,5.0,45000000.0,6051000000.0,3950000000.0,9342000000.0,618000000.0,13292000000.0,1000000.0,12565000000.0,633000000.0,618000000.0,-9275000000.0,668000000.0,782000000.0,1329000000.0,560000000.0,15000000.0,-12000000.0,1404000000.0,10557000000.0,,8679000000.0,6640000000.0,1424000000.0,1988000000.0,1575000000.0,511000000.0,11716000000.0,4141000000.0
2020-01-26,,,,,,,,5.0,49000000.0,7045000000.0,5111000000.0,12204000000.0,783000000.0,17315000000.0,1000000.0,14971000000.0,775000000.0,618000000.0,-9813000000.0,589000000.0,10896000000.0,1784000000.0,548000000.0,15000000.0,1000000.0,2292000000.0,13690000000.0,77000000.0,11537000000.0,1000000.0,1657000000.0,1991000000.0,979000000.0,687000000.0,11716000000.0,4141000000.0
2020-02-10,,,,,,,,4.0,49000000.0,7045000000.0,5111000000.0,12204000000.0,783000000.0,17315000000.0,1000000.0,14971000000.0,775000000.0,618000000.0,-9813000000.0,589000000.0,10896000000.0,1784000000.0,548000000.0,15000000.0,1000000.0,2292000000.0,13690000000.0,77000000.0,11537000000.0,1000000.0,1657000000.0,1991000000.0,979000000.0,687000000.0,11716000000.0,4141000000.0
2020-02-11,,,,,,,,4.0,49000000.0,7045000000.0,5111000000.0,12204000000.0,783000000.0,17315000000.0,1000000.0,14971000000.0,775000000.0,618000000.0,-9813000000.0,589000000.0,10896000000.0,1784000000.0,548000000.0,15000000.0,1000000.0,2292000000.0,13690000000.0,77000000.0,11537000000.0,1000000.0,1657000000.0,1991000000.0,979000000.0,687000000.0,11716000000.0,4141000000.0
2020-02-12,,,,,,,,4.25,49000000.0,7045000000.0,5111000000.0,12204000000.0,783000000.0,17315000000.0,1000000.0,14971000000.0,775000000.0,618000000.0,-9813000000.0,589000000.0,10896000000.0,1784000000.0,548000000.0,15000000.0,1000000.0,2292000000.0,13690000000.0,77000000.0,11537000000.0,1000000.0,1657000000.0,1991000000.0,979000000.0,687000000.0,11716000000.0,4141000000.0
2020-02-13,,,,,,,,5.0,49000000.0,7045000000.0,5111000000.0,12204000000.0,783000000.0,17315000000.0,1000000.0,14971000000.0,775000000.0,618000000.0,-9813000000.0,589000000.0,10896000000.0,1784000000.0,548000000.0,15000000.0,1000000.0,2292000000.0,13690000000.0,77000000.0,11537000000.0,1000000.0,1657000000.0,1991000000.0,979000000.0,687000000.0,11716000000.0,4141000000.0
2020-02-14,,,,,,,,4.5,49000000.0,7045000000.0,5111000000.0,12204000000.0,783000000.0,17315000000.0,1000000.0,14971000000.0,775000000.0,618000000.0,-9813000000.0,589000000.0,10896000000.0,1784000000.0,548000000.0,15000000.0,1000000.0,2292000000.0,13690000000.0,77000000.0,11537000000.0,1000000.0,1657000000.0,1991000000.0,979000000.0,687000000.0,11716000000.0,4141000000.0
2020-02-18,,,,,,,,5.0,49000000.0,7045000000.0,5111000000.0,12204000000.0,783000000.0,17315000000.0,1000000.0,14971000000.0,775000000.0,618000000.0,-9813000000.0,589000000.0,10896000000.0,1784000000.0,548000000.0,15000000.0,1000000.0,2292000000.0,13690000000.0,77000000.0,11537000000.0,1000000.0,1657000000.0,1991000000.0,979000000.0,687000000.0,11716000000.0,4141000000.0
2020-02-19,,,,,,,,4.0,49000000.0,7045000000.0,5111000000.0,12204000000.0,783000000.0,17315000000.0,1000000.0,14971000000.0,775000000.0,618000000.0,-9813000000.0,589000000.0,10896000000.0,1784000000.0,548000000.0,15000000.0,1000000.0,2292000000.0,13690000000.0,77000000.0,11537000000.0,1000000.0,1657000000.0,1991000000.0,979000000.0,687000000.0,11716000000.0,4141000000.0
2020-02-25,,,,,,,,1.5,49000000.0,7045000000.0,5111000000.0,12204000000.0,783000000.0,17315000000.0,1000000.0,14971000000.0,775000000.0,618000000.0,-9813000000.0,589000000.0,10896000000.0,1784000000.0,548000000.0,15000000.0,1000000.0,2292000000.0,13690000000.0,77000000.0,11537000000.0,1000000.0,1657000000.0,1991000000.0,979000000.0,687000000.0,11716000000.0,4141000000.0
2020-03-20,,,,,,,,4.0,49000000.0,7045000000.0,5111000000.0,12204000000.0,783000000.0,17315000000.0,1000000.0,14971000000.0,775000000.0,618000000.0,-9813000000.0,589000000.0,10896000000.0,1784000000.0,548000000.0,15000000.0,1000000.0,2292000000.0,13690000000.0,77000000.0,11537000000.0,1000000.0,1657000000.0,1991000000.0,979000000.0,687000000.0,11716000000.0,4141000000.0
2020-03-24,,,,,,,,5.0,49000000.0,7045000000.0,5111000000.0,12204000000.0,783000000.0,17315000000.0,1000000.0,14971000000.0,775000000.0,618000000.0,-9813000000.0,589000000.0,10896000000.0,1784000000.0,548000000.0,15000000.0,1000000.0,2292000000.0,13690000000.0,77000000.0,11537000000.0,1000000.0,1657000000.0,1991000000.0,979000000.0,687000000.0,11716000000.0,4141000000.0
2020-03-30,,,,,,,,4.0,49000000.0,7045000000.0,5111000000.0,12204000000.0,783000000.0,17315000000.0,1000000.0,14971000000.0,775000000.0,618000000.0,-9813000000.0,589000000.0,10896000000.0,1784000000.0,548000000.0,15000000.0,1000000.0,2292000000.0,13690000000.0,77000000.0,11537000000.0,1000000.0,1657000000.0,1991000000.0,979000000.0,687000000.0,11716000000.0,4141000000.0
2020-03-31,,,,,,,,4.5,49000000.0,7045000000.0,5111000000.0,12204000000.0,783000000.0,17315000000.0,1000000.0,14971000000.0,775000000.0,618000000.0,-9813000000.0,589000000.0,10896000000.0,1784000000.0,548000000.0,15000000.0,1000000.0,2292000000.0,13690000000.0,77000000.0,11537000000.0,1000000.0,1657000000.0,1991000000.0,979000000.0,687000000.0,11716000000.0,4141000000.0
2020-04-17,,,,,,,,5.0,49000000.0,7045000000.0,5111000000.0,12204000000.0,783000000.0,17315000000.0,1000000.0,14971000000.0,775000000.0,618000000.0,-9813000000.0,589000000.0,10896000000.0,1784000000.0,548000000.0,15000000.0,1000000.0,2292000000.0,13690000000.0,77000000.0,11537000000.0,1000000.0,1657000000.0,1991000000.0,979000000.0,687000000.0,11716000000.0,4141000000.0
2020-04-28,,,,,,,,4.0,49000000.0,7045000000.0,5111000000.0,12204000000.0,783000000.0,17315000000.0,1000000.0,14971000000.0,775000000.0,618000000.0,-9813000000.0,589000000.0,10896000000.0,1784000000.0,548000000.0,15000000.0,1000000.0,2292000000.0,13690000000.0,77000000.0,11537000000.0,1000000.0,1657000000.0,1991000000.0,979000000.0,687000000.0,11716000000.0,4141000000.0
2020-05-04,,,,,,,,4.5,49000000.0,7045000000.0,5111000000.0,12204000000.0,783000000.0,17315000000.0,1000000.0,14971000000.0,775000000.0,618000000.0,-9813000000.0,589000000.0,10896000000.0,1784000000.0,548000000.0,15000000.0,1000000.0,2292000000.0,13690000000.0,77000000.0,11537000000.0,1000000.0,1657000000.0,1991000000.0,979000000.0,687000000.0,11716000000.0,4141000000.0
2020-05-07,,,,,,,,5.0,49000000.0,7045000000.0,5111000000.0,12204000000.0,783000000.0,17315000000.0,1000000.0,14971000000.0,775000000.0,618000000.0,-9813000000.0,589000000.0,10896000000.0,1784000000.0,548000000.0,15000000.0,1000000.0,2292000000.0,13690000000.0,77000000.0,11537000000.0,1000000.0,1657000000.0,1991000000.0,979000000.0,687000000.0,11716000000.0,4141000000.0
2020-05-11,,,,,,,,5.0,49000000.0,7045000000.0,5111000000.0,12204000000.0,783000000.0,17315000000.0,1000000.0,14971000000.0,775000000.0,618000000.0,-9813000000.0,589000000.0,10896000000.0,1784000000.0,548000000.0,15000000.0,1000000.0,2292000000.0,13690000000.0,77000000.0,11537000000.0,1000000.0,1657000000.0,1991000000.0,979000000.0,687000000.0,11716000000.0,4141000000.0
2020-05-13,,,,,,,,4.0,49000000.0,7045000000.0,5111000000.0,12204000000.0,783000000.0,17315000000.0,1000000.0,14971000000.0,775000000.0,618000000.0,-9813000000.0,589000000.0,10896000000.0,1784000000.0,548000000.0,15000000.0,1000000.0,2292000000.0,13690000000.0,77000000.0,11537000000.0,1000000.0,1657000000.0,1991000000.0,979000000.0,687000000.0,11716000000.0,4141000000.0
2020-05-15,,,,,,,,4.0,49000000.0,7045000000.0,5111000000.0,12204000000.0,783000000.0,17315000000.0,1000000.0,14971000000.0,775000000.0,618000000.0,-9813000000.0,589000000.0,10896000000.0,1784000000.0,548000000.0,15000000.0,1000000.0,2292000000.0,13690000000.0,77000000.0,11537000000.0,1000000.0,1657000000.0,1991000000.0,979000000.0,687000000.0,11716000000.0,4141000000.0
2020-05-18,,,,,,,,4.0,49000000.0,7045000000.0,5111000000.0,12204000000.0,783000000.0,17315000000.0,1000000.0,14971000000.0,775000000.0,618000000.0,-9813000000.0,589000000.0,10896000000.0,1784000000.0,548000000.0,15000000.0,1000000.0,2292000000.0,13690000000.0,77000000.0,11537000000.0,1000000.0,1657000000.0,1991000000.0,979000000.0,687000000.0,11716000000.0,4141000000.0
2020-05-19,,,,,,,,4.25,49000000.0,7045000000.0,5111000000.0,12204000000.0,783000000.0,17315000000.0,1000000.0,14971000000.0,775000000.0,618000000.0,-9813000000.0,589000000.0,10896000000.0,1784000000.0,548000000.0,15000000.0,1000000.0,2292000000.0,13690000000.0,77000000.0,11537000000.0,1000000.0,1657000000.0,1991000000.0,979000000.0,687000000.0,11716000000.0,4141000000.0
2020-05-22,,,,,,,,4.1923076923076925,49000000.0,7045000000.0,5111000000.0,12204000000.0,783000000.0,17315000000.0,1000000.0,14971000000.0,775000000.0,618000000.0,-9813000000.0,589000000.0,10896000000.0,1784000000.0,548000000.0,15000000.0,1000000.0,2292000000.0,13690000000.0,77000000.0,11537000000.0,1000000.0,1657000000.0,1991000000.0,979000000.0,687000000.0,11716000000.0,4141000000.0
2020-05-26,,,,,,,,4.0,49000000.0,7045000000.0,5111000000.0,12204000000.0,783000000.0,17315000000.0,1000000.0,14971000000.0,775000000.0,618000000.0,-9813000000.0,589000000.0,10896000000.0,1784000000.0,548000000.0,15000000.0,1000000.0,2292000000.0,13690000000.0,77000000.0,11537000000.0,1000000.0,1657000000.0,1991000000.0,979000000.0,687000000.0,11716000000.0,4141000000.0
2020-06-16,,,,,,,,3.0,49000000.0,7045000000.0,5111000000.0,12204000000.0,783000000.0,17315000000.0,1000000.0,14971000000.0,775000000.0,618000000.0,-9813000000.0,589000000.0,10896000000.0,1784000000.0,548000000.0,15000000.0,1000000.0,2292000000.0,13690000000.0,77000000.0,11537000000.0,1000000.0,1657000000.0,1991000000.0,979000000.0,687000000.0,11716000000.0,4141000000.0
2020-06-17,,,,,,,,5.0,49000000.0,7045000000.0,5111000000.0,12204000000.0,783000000.0,17315000000.0,1000000.0,14971000000.0,775000000.0,618000000.0,-9813000000.0,589000000.0,10896000000.0,1784000000.0,548000000.0,15000000.0,1000000.0,2292000000.0,13690000000.0,77000000.0,11537000000.0,1000000.0,1657000000.0,1991000000.0,979000000.0,687000000.0,11716000000.0,4141000000.0
2020-07-07,,,,,,,,5.0,49000000.0,7045000000.0,5111000000.0,12204000000.0,783000000.0,17315000000.0,1000000.0,14971000000.0,775000000.0,618000000.0,-9813000000.0,589000000.0,10896000000.0,1784000000.0,548000000.0,15000000.0,1000000.0,2292000000.0,13690000000.0,77000000.0,11537000000.0,1000000.0,1657000000.0,1991000000.0,979000000.0,687000000.0,11716000000.0,4141000000.0
2020-07-10,,,,,,,,5.0,49000000.0,7045000000.0,5111000000.0,12204000000.0,783000000.0,17315000000.0,1000000.0,14971000000.0,775000000.0,618000000.0,-9813000000.0,589000000.0,10896000000.0,1784000000.0,548000000.0,15000000.0,1000000.0,2292000000.0,13690000000.0,77000000.0,11537000000.0,1000000.0,1657000000.0,1991000000.0,979000000.0,687000000.0,11716000000.0,4141000000.0
2020-07-20,,,,,,,,4.0,49000000.0,7045000000.0,5111000000.0,12204000000.0,783000000.0,17315000000.0,1000000.0,14971000000.0,775000000.0,618000000.0,-9813000000.0,589000000.0,10896000000.0,1784000000.0,548000000.0,15000000.0,1000000.0,2292000000.0,13690000000.0,77000000.0,11537000000.0,1000000.0,1657000000.0,1991000000.0,979000000.0,687000000.0,11716000000.0,4141000000.0
2020-08-13,,,,,,,,4.0,49000000.0,7045000000.0,5111000000.0,12204000000.0,783000000.0,17315000000.0,1000000.0,14971000000.0,775000000.0,618000000.0,-9813000000.0,589000000.0,10896000000.0,1784000000.0,548000000.0,15000000.0,1000000.0,2292000000.0,13690000000.0,77000000.0,11537000000.0,1000000.0,1657000000.0,1991000000.0,979000000.0,687000000.0,11716000000.0,4141000000.0
2020-08-14,,,,,,,,4.0,49000000.0,7045000000.0,5111000000.0,12204000000.0,783000000.0,17315000000.0,1000000.0,14971000000.0,775000000.0,618000000.0,-9813000000.0,589000000.0,10896000000.0,1784000000.0,548000000.0,15000000.0,1000000.0,2292000000.0,13690000000.0,77000000.0,11537000000.0,1000000.0,1657000000.0,1991000000.0,979000000.0,687000000.0,11716000000.0,4141000000.0
2020-08-17,,,,,,,,4.0,49000000.0,7045000000.0,5111000000.0,12204000000.0,783000000.0,17315000000.0,1000000.0,14971000000.0,775000000.0,618000000.0,-9813000000.0,589000000.0,10896000000.0,1784000000.0,548000000.0,15000000.0,1000000.0,2292000000.0,13690000000.0,77000000.0,11537000000.0,1000000.0,1657000000.0,1991000000.0,979000000.0,687000000.0,11716000000.0,4141000000.0
2020-08-20,,,,,,,,4.346153846153846,49000000.0,7045000000.0,5111000000.0,12204000000.0,783000000.0,17315000000.0,1000000.0,14971000000.0,775000000.0,618000000.0,-9813000000.0,589000000.0,10896000000.0,1784000000.0,548000000.0,15000000.0,1000000.0,2292000000.0,13690000000.0,77000000.0,11537000000.0,1000000.0,1657000000.0,1991000000.0,979000000.0,687000000.0,11716000000.0,4141000000.0
2020-09-02,,,,,,,,4.666666666666667,49000000.0,7045000000.0,5111000000.0,12204000000.0,783000000.0,17315000000.0,1000000.0,14971000000.0,775000000.0,618000000.0,-9813000000.0,589000000.0,10896000000.0,1784000000.0,548000000.0,15000000.0,1000000.0,2292000000.0,13690000000.0,77000000.0,11537000000.0,1000000.0,1657000000.0,1991000000.0,979000000.0,687000000.0,11716000000.0,4141000000.0
2020-09-14,,,,,,,,5.0,49000000.0,7045000000.0,5111000000.0,12204000000.0,783000000.0,17315000000.0,1000000.0,14971000000.0,775000000.0,618000000.0,-9813000000.0,589000000.0,10896000000.0,1784000000.0,548000000.0,15000000.0,1000000.0,2292000000.0,13690000000.0,77000000.0,11537000000.0,1000000.0,1657000000.0,1991000000.0,979000000.0,687000000.0,11716000000.0,4141000000.0
2020-09-15,,,,,,,,4.0,49000000.0,7045000000.0,5111000000.0,12204000000.0,783000000.0,17315000000.0,1000000.0,14971000000.0,775000000.0,618000000.0,-9813000000.0,589000000.0,10896000000.0,1784000000.0,548000000.0,15000000.0,1000000.0,2292000000.0,13690000000.0,77000000.0,11537000000.0,1000000.0,1657000000.0,1991000000.0,979000000.0,687000000.0,11716000000.0,4141000000.0
2020-10-06,,,,,,,,4.25,49000000.0,7045000000.0,5111000000.0,12204000000.0,783000000.0,17315000000.0,1000000.0,14971000000.0,775000000.0,618000000.0,-9813000000.0,589000000.0,10896000000.0,1784000000.0,548000000.0,15000000.0,1000000.0,2292000000.0,13690000000.0,77000000.0,11537000000.0,1000000.0,1657000000.0,1991000000.0,979000000.0,687000000.0,11716000000.0,4141000000.0
2020-10-12,,,,,,,,5.0,49000000.0,7045000000.0,5111000000.0,12204000000.0,783000000.0,17315000000.0,1000000.0,14971000000.0,775000000.0,618000000.0,-9813000000.0,589000000.0,10896000000.0,1784000000.0,548000000.0,15000000.0,1000000.0,2292000000.0,13690000000.0,77000000.0,11537000000.0,1000000.0,1657000000.0,1991000000.0,979000000.0,687000000.0,11716000000.0,4141000000.0
2020-11-19,,,,,,,,4.75,49000000.0,7045000000.0,5111000000.0,12204000000.0,783000000.0,17315000000.0,1000000.0,14971000000.0,775000000.0,618000000.0,-9813000000.0,589000000.0,10896000000.0,1784000000.0,548000000.0,15000000.0,1000000.0,2292000000.0,13690000000.0,77000000.0,11537000000.0,1000000.0,1657000000.0,1991000000.0,979000000.0,687000000.0,11716000000.0,4141000000.0
2020-12-31 00:00:00,,,,,,,,4.75,49000000.0,7045000000.0,5111000000.0,12204000000.0,783000000.0,17315000000.0,1000000.0,14971000000.0,775000000.0,618000000.0,-9813000000.0,589000000.0,10896000000.0,1784000000.0,548000000.0,15000000.0,1000000.0,2292000000.0,13690000000.0,77000000.0,11537000000.0,1000000.0,1657000000.0,1991000000.0,979000000.0,687000000.0,10918000000.0,2796000000.0
2021-01-15,,,,,,,,4.75,49000000.0,7045000000.0,5111000000.0,12204000000.0,783000000.0,17315000000.0,1000000.0,14971000000.0,775000000.0,618000000.0,-9813000000.0,589000000.0,10896000000.0,1784000000.0,548000000.0,15000000.0,1000000.0,2292000000.0,13690000000.0,77000000.0,11537000000.0,1000000.0,1657000000.0,1991000000.0,979000000.0,687000000.0,10918000000.0,2796000000.0
2021-01-26,,,,,,,,4.0,49000000.0,7045000000.0,5111000000.0,12204000000.0,783000000.0,17315000000.0,1000000.0,14971000000.0,775000000.0,618000000.0,-9813000000.0,589000000.0,10896000000.0,1784000000.0,548000000.0,15000000.0,1000000.0,2292000000.0,13690000000.0,77000000.0,11537000000.0,1000000.0,1657000000.0,1991000000.0,979000000.0,687000000.0,10918000000.0,2796000000.0
2021-01-31,,,,,,,,4.0,2737000000.0,8721000000.0,11898000000.0,16893000000.0,1207000000.0,28791000000.0,1000000.0,18908000000.0,1375000000.0,4193000000.0,-10737000000.0,2806000000.0,847000000.0,3925000000.0,806000000.0,999000000.0,19000000.0,2856000000.0,16055000000.0,144000000.0,9963000000.0,10714000000.0,2429000000.0,5964000000.0,1826000000.0,1201000000.0,10918000000.0,2796000000.0
2021-02-18,,,,,,,,4.0,2737000000.0,8721000000.0,11898000000.0,16893000000.0,1207000000.0,28791000000.0,1000000.0,18908000000.0,1375000000.0,4193000000.0,-10737000000.0,2806000000.0,847000000.0,3925000000.0,806000000.0,999000000.0,19000000.0,2856000000.0,16055000000.0,144000000.0,9963000000.0,10714000000.0,2429000000.0,5964000000.0,1826000000.0,1201000000.0,10918000000.0,2796000000.0
2021-02-22,,,,,,,,3.0,2737000000.0,8721000000.0,11898000000.0,16893000000.0,1207000000.0,28791000000.0,1000000.0,18908000000.0,1375000000.0,4193000000.0,-10737000000.0,2806000000.0,847000000.0,3925000000.0,806000000.0,999000000.0,19000000.0,2856000000.0,16055000000.0,144000000.0,9963000000.0,10714000000.0,2429000000.0,5964000000.0,1826000000.0,1201000000.0,10918000000.0,2796000000.0
2021-02-24,,,,,,,,5.0,2737000000.0,8721000000.0,11898000000.0,16893000000.0,1207000000.0,28791000000.0,1000000.0,18908000000.0,1375000000.0,4193000000.0,-10737000000.0,2806000000.0,847000000.0,3925000000.0,806000000.0,999000000.0,19000000.0,2856000000.0,16055000000.0,144000000.0,9963000000.0,10714000000.0,2429000000.0,5964000000.0,1826000000.0,1201000000.0,10918000000.0,2796000000.0
2021-02-25,,,,,,,,4.142857142857143,2737000000.0,8721000000.0,11898000000.0,16893000000.0,1207000000.0,28791000000.0,1000000.0,18908000000.0,1375000000.0,4193000000.0,-10737000000.0,2806000000.0,847000000.0,3925000000.0,806000000.0,999000000.0,19000000.0,2856000000.0,16055000000.0,144000000.0,9963000000.0,10714000000.0,2429000000.0,5964000000.0,1826000000.0,1201000000.0,10918000000.0,2796000000.0
2021-04-07,555.22998046875,569.7310791015625,548.4600219726562,567.4099731445312,4792583.0,0.0,0.0,4.142857142857143,2737000000.0,8721000000.0,11898000000.0,16893000000.0,1207000000.0,28791000000.0,1000000.0,18908000000.0,1375000000.0,4193000000.0,-10737000000.0,2806000000.0,847000000.0,3925000000.0,806000000.0,999000000.0,19000000.0,2856000000.0,16055000000.0,144000000.0,9963000000.0,10714000000.0,2429000000.0,5964000000.0,1826000000.0,1201000000.0,10918000000.0,2796000000.0
2021-12-31 00:00:00,555.22998046875,569.7310791015625,548.4600219726562,567.4099731445312,4792583.0,0.0,0.0,4.142857142857143,2737000000.0,8721000000.0,11898000000.0,16893000000.0,1207000000.0,28791000000.0,1000000.0,18908000000.0,1375000000.0,4193000000.0,-10737000000.0,2806000000.0,847000000.0,3925000000.0,806000000.0,999000000.0,19000000.0,2856000000.0,16055000000.0,144000000.0,9963000000.0,10714000000.0,2429000000.0,5964000000.0,1826000000.0,1201000000.0,16675000000.0,4332000000.0
