Date,Open,High,Low,Close,Volume,Dividends,Stock Splits,To Grade,Intangible Assets,Total Liab,Total Stockholder Equity,Minority Interest,Other Current Liab,Total Assets,Common Stock,Retained Earnings,Other Liab,Good Will,Treasury Stock,Other Assets,Cash,Total Current Liabilities,Deferred Long Term Asset Charges,Short Long Term Debt,Other Stockholder Equity,Property Plant Equipment,Total Current Assets,Long Term Investments,Net Tangible Assets,Short Term Investments,Net Receivables,Long Term Debt,Inventory,Accounts Payable,Revenue,Earnings
2012-03-12,,,,,,,,3.0,,,,,,,,,,,,,,,,,,,,,,,,,,,,
2012-03-21,,,,,,,,3.75,,,,,,,,,,,,,,,,,,,,,,,,,,,,
2012-04-30,,,,,,,,5.0,,,,,,,,,,,,,,,,,,,,,,,,,,,,
2012-06-11,,,,,,,,3.0,,,,,,,,,,,,,,,,,,,,,,,,,,,,
2012-06-29,,,,,,,,4.0,,,,,,,,,,,,,,,,,,,,,,,,,,,,
2012-07-06,,,,,,,,4.0,,,,,,,,,,,,,,,,,,,,,,,,,,,,
2012-08-20,,,,,,,,5.0,,,,,,,,,,,,,,,,,,,,,,,,,,,,
2012-09-17,,,,,,,,4.0,,,,,,,,,,,,,,,,,,,,,,,,,,,,
2012-09-20,,,,,,,,4.0,,,,,,,,,,,,,,,,,,,,,,,,,,,,
2012-09-21,,,,,,,,4.5,,,,,,,,,,,,,,,,,,,,,,,,,,,,
2012-12-07,,,,,,,,3.0,,,,,,,,,,,,,,,,,,,,,,,,,,,,
2012-12-14,,,,,,,,5.0,,,,,,,,,,,,,,,,,,,,,,,,,,,,
2012-12-19,,,,,,,,4.0,,,,,,,,,,,,,,,,,,,,,,,,,,,,
2013-01-04,,,,,,,,3.0,,,,,,,,,,,,,,,,,,,,,,,,,,,,
2013-01-07,,,,,,,,4.0,,,,,,,,,,,,,,,,,,,,,,,,,,,,
2013-01-11,,,,,,,,5.0,,,,,,,,,,,,,,,,,,,,,,,,,,,,
2013-01-25,,,,,,,,5.0,,,,,,,,,,,,,,,,,,,,,,,,,,,,
2013-02-01,,,,,,,,4.0,,,,,,,,,,,,,,,,,,,,,,,,,,,,
2013-02-20,,,,,,,,5.0,,,,,,,,,,,,,,,,,,,,,,,,,,,,
2013-03-13,,,,,,,,5.0,,,,,,,,,,,,,,,,,,,,,,,,,,,,
2013-03-18,,,,,,,,3.5,,,,,,,,,,,,,,,,,,,,,,,,,,,,
2013-03-21,,,,,,,,3.2857142857142856,,,,,,,,,,,,,,,,,,,,,,,,,,,,
2013-03-25,,,,,,,,3.0,,,,,,,,,,,,,,,,,,,,,,,,,,,,
2013-06-06,,,,,,,,1.0,,,,,,,,,,,,,,,,,,,,,,,,,,,,
2013-06-21,,,,,,,,4.4,,,,,,,,,,,,,,,,,,,,,,,,,,,,
2013-06-24,,,,,,,,5.0,,,,,,,,,,,,,,,,,,,,,,,,,,,,
2013-09-19,,,,,,,,4.0,,,,,,,,,,,,,,,,,,,,,,,,,,,,
2013-11-27,,,,,,,,3.0,,,,,,,,,,,,,,,,,,,,,,,,,,,,
2013-12-04,,,,,,,,4.0,,,,,,,,,,,,,,,,,,,,,,,,,,,,
2013-12-05,,,,,,,,4.0,,,,,,,,,,,,,,,,,,,,,,,,,,,,
2013-12-12,,,,,,,,3.0,,,,,,,,,,,,,,,,,,,,,,,,,,,,
2013-12-19,,,,,,,,4.333333333333333,,,,,,,,,,,,,,,,,,,,,,,,,,,,
2013-12-20,,,,,,,,5.0,,,,,,,,,,,,,,,,,,,,,,,,,,,,
2014-01-17,,,,,,,,5.0,,,,,,,,,,,,,,,,,,,,,,,,,,,,
2014-01-22,,,,,,,,3.0,,,,,,,,,,,,,,,,,,,,,,,,,,,,
2014-01-23,,,,,,,,5.0,,,,,,,,,,,,,,,,,,,,,,,,,,,,
2014-02-04,,,,,,,,3.0,,,,,,,,,,,,,,,,,,,,,,,,,,,,
2014-03-03,,,,,,,,4.5,,,,,,,,,,,,,,,,,,,,,,,,,,,,
2014-03-19,,,,,,,,5.0,,,,,,,,,,,,,,,,,,,,,,,,,,,,
2014-03-20,,,,,,,,3.0,,,,,,,,,,,,,,,,,,,,,,,,,,,,
2014-04-15,,,,,,,,2.0,,,,,,,,,,,,,,,,,,,,,,,,,,,,
2014-04-30,,,,,,,,4.5,,,,,,,,,,,,,,,,,,,,,,,,,,,,
2014-05-02,,,,,,,,5.0,,,,,,,,,,,,,,,,,,,,,,,,,,,,
2014-05-05,,,,,,,,4.0,,,,,,,,,,,,,,,,,,,,,,,,,,,,
2014-05-19,,,,,,,,4.0,,,,,,,,,,,,,,,,,,,,,,,,,,,,
2014-06-04,,,,,,,,5.0,,,,,,,,,,,,,,,,,,,,,,,,,,,,
2014-06-16,,,,,,,,4.0,,,,,,,,,,,,,,,,,,,,,,,,,,,,
2014-06-20,,,,,,,,4.0,,,,,,,,,,,,,,,,,,,,,,,,,,,,
2014-07-02,,,,,,,,4.0,,,,,,,,,,,,,,,,,,,,,,,,,,,,
2014-08-26,,,,,,,,3.0,,,,,,,,,,,,,,,,,,,,,,,,,,,,
2014-08-27,,,,,,,,3.0,,,,,,,,,,,,,,,,,,,,,,,,,,,,
2014-09-04,,,,,,,,4.0,,,,,,,,,,,,,,,,,,,,,,,,,,,,
2014-09-10,,,,,,,,3.0,,,,,,,,,,,,,,,,,,,,,,,,,,,,
2014-09-19,,,,,,,,3.5,,,,,,,,,,,,,,,,,,,,,,,,,,,,
2014-10-06,,,,,,,,5.0,,,,,,,,,,,,,,,,,,,,,,,,,,,,
2014-10-22,,,,,,,,3.0,,,,,,,,,,,,,,,,,,,,,,,,,,,,
2014-11-21,,,,,,,,3.0,,,,,,,,,,,,,,,,,,,,,,,,,,,,
2014-12-15,,,,,,,,4.0,,,,,,,,,,,,,,,,,,,,,,,,,,,,
2014-12-18,,,,,,,,3.6666666666666665,,,,,,,,,,,,,,,,,,,,,,,,,,,,
2015-01-06,,,,,,,,4.0,,,,,,,,,,,,,,,,,,,,,,,,,,,,
2015-03-16,,,,,,,,3.0,,,,,,,,,,,,,,,,,,,,,,,,,,,,
2015-03-18,,,,,,,,4.0,,,,,,,,,,,,,,,,,,,,,,,,,,,,
2015-03-30,,,,,,,,4.0,,,,,,,,,,,,,,,,,,,,,,,,,,,,
2015-05-01,,,,,,,,3.0,,,,,,,,,,,,,,,,,,,,,,,,,,,,
2015-06-09,,,,,,,,3.0,,,,,,,,,,,,,,,,,,,,,,,,,,,,
2015-06-12,,,,,,,,4.0,,,,,,,,,,,,,,,,,,,,,,,,,,,,
2015-06-18,,,,,,,,4.333333333333333,,,,,,,,,,,,,,,,,,,,,,,,,,,,
2015-07-13,,,,,,,,4.0,,,,,,,,,,,,,,,,,,,,,,,,,,,,
2015-07-30,,,,,,,,5.0,,,,,,,,,,,,,,,,,,,,,,,,,,,,
2015-09-10,,,,,,,,5.0,,,,,,,,,,,,,,,,,,,,,,,,,,,,
2015-09-16,,,,,,,,5.0,,,,,,,,,,,,,,,,,,,,,,,,,,,,
2015-09-17,,,,,,,,4.25,,,,,,,,,,,,,,,,,,,,,,,,,,,,
2015-10-14,,,,,,,,2.0,,,,,,,,,,,,,,,,,,,,,,,,,,,,
2015-10-19,,,,,,,,3.0,,,,,,,,,,,,,,,,,,,,,,,,,,,,
2015-11-05,,,,,,,,3.0,,,,,,,,,,,,,,,,,,,,,,,,,,,,
2015-11-11,,,,,,,,3.0,,,,,,,,,,,,,,,,,,,,,,,,,,,,
2015-11-16,,,,,,,,5.0,,,,,,,,,,,,,,,,,,,,,,,,,,,,
2016-01-06,,,,,,,,5.0,,,,,,,,,,,,,,,,,,,,,,,,,,,,
2016-01-08,,,,,,,,3.0,,,,,,,,,,,,,,,,,,,,,,,,,,,,
2016-03-04,,,,,,,,4.0,,,,,,,,,,,,,,,,,,,,,,,,,,,,
2016-03-16,,,,,,,,4.5,,,,,,,,,,,,,,,,,,,,,,,,,,,,
2016-04-26,,,,,,,,4.0,,,,,,,,,,,,,,,,,,,,,,,,,,,,
2016-06-17,,,,,,,,3.0,,,,,,,,,,,,,,,,,,,,,,,,,,,,
2016-06-24,,,,,,,,4.0,,,,,,,,,,,,,,,,,,,,,,,,,,,,
2016-06-29,,,,,,,,3.0,,,,,,,,,,,,,,,,,,,,,,,,,,,,
2016-07-12,,,,,,,,4.0,,,,,,,,,,,,,,,,,,,,,,,,,,,,
2016-07-14,,,,,,,,5.0,,,,,,,,,,,,,,,,,,,,,,,,,,,,
2016-07-19,,,,,,,,3.0,,,,,,,,,,,,,,,,,,,,,,,,,,,,
2016-09-08,,,,,,,,3.0,,,,,,,,,,,,,,,,,,,,,,,,,,,,
2016-09-16,,,,,,,,4.333333333333333,,,,,,,,,,,,,,,,,,,,,,,,,,,,
2017-01-11,,,,,,,,4.0,,,,,,,,,,,,,,,,,,,,,,,,,,,,
2017-03-16,,,,,,,,3.5,,,,,,,,,,,,,,,,,,,,,,,,,,,,
2017-04-27,,,,,,,,5.0,,,,,,,,,,,,,,,,,,,,,,,,,,,,
2017-05-31,,,,,,,,5.0,7679000000.0,80745000000.0,53860000000.0,386000000.0,11816000000.0,134991000000.0,27065000000.0,27598000000.0,8264000000.0,43045000000.0,-803000000.0,4397000000.0,21784000000.0,24178000000.0,1143000000.0,9797000000.0,-803000000.0,5315000000.0,74515000000.0,40000000.0,3136000000.0,44294000000.0,6094000000.0,48303000000.0,300000000.0,599000000.0,,
2017-06-22,,,,,,,,4.0,7679000000.0,80745000000.0,53860000000.0,386000000.0,11816000000.0,134991000000.0,27065000000.0,27598000000.0,8264000000.0,43045000000.0,-803000000.0,4397000000.0,21784000000.0,24178000000.0,1143000000.0,9797000000.0,-803000000.0,5315000000.0,74515000000.0,40000000.0,3136000000.0,44294000000.0,6094000000.0,48303000000.0,300000000.0,599000000.0,,
2017-06-23,,,,,,,,5.0,7679000000.0,80745000000.0,53860000000.0,386000000.0,11816000000.0,134991000000.0,27065000000.0,27598000000.0,8264000000.0,43045000000.0,-803000000.0,4397000000.0,21784000000.0,24178000000.0,1143000000.0,9797000000.0,-803000000.0,5315000000.0,74515000000.0,40000000.0,3136000000.0,44294000000.0,6094000000.0,48303000000.0,300000000.0,599000000.0,,
2017-07-05,,,,,,,,4.0,7679000000.0,80745000000.0,53860000000.0,386000000.0,11816000000.0,134991000000.0,27065000000.0,27598000000.0,8264000000.0,43045000000.0,-803000000.0,4397000000.0,21784000000.0,24178000000.0,1143000000.0,9797000000.0,-803000000.0,5315000000.0,74515000000.0,40000000.0,3136000000.0,44294000000.0,6094000000.0,48303000000.0,300000000.0,599000000.0,,
2017-09-05,,,,,,,,4.0,7679000000.0,80745000000.0,53860000000.0,386000000.0,11816000000.0,134991000000.0,27065000000.0,27598000000.0,8264000000.0,43045000000.0,-803000000.0,4397000000.0,21784000000.0,24178000000.0,1143000000.0,9797000000.0,-803000000.0,5315000000.0,74515000000.0,40000000.0,3136000000.0,44294000000.0,6094000000.0,48303000000.0,300000000.0,599000000.0,,
2017-09-06,,,,,,,,5.0,7679000000.0,80745000000.0,53860000000.0,386000000.0,11816000000.0,134991000000.0,27065000000.0,27598000000.0,8264000000.0,43045000000.0,-803000000.0,4397000000.0,21784000000.0,24178000000.0,1143000000.0,9797000000.0,-803000000.0,5315000000.0,74515000000.0,40000000.0,3136000000.0,44294000000.0,6094000000.0,48303000000.0,300000000.0,599000000.0,,
2017-09-15,,,,,,,,4.5,7679000000.0,80745000000.0,53860000000.0,386000000.0,11816000000.0,134991000000.0,27065000000.0,27598000000.0,8264000000.0,43045000000.0,-803000000.0,4397000000.0,21784000000.0,24178000000.0,1143000000.0,9797000000.0,-803000000.0,5315000000.0,74515000000.0,40000000.0,3136000000.0,44294000000.0,6094000000.0,48303000000.0,300000000.0,599000000.0,,
2017-10-04,,,,,,,,4.0,7679000000.0,80745000000.0,53860000000.0,386000000.0,11816000000.0,134991000000.0,27065000000.0,27598000000.0,8264000000.0,43045000000.0,-803000000.0,4397000000.0,21784000000.0,24178000000.0,1143000000.0,9797000000.0,-803000000.0,5315000000.0,74515000000.0,40000000.0,3136000000.0,44294000000.0,6094000000.0,48303000000.0,300000000.0,599000000.0,,
2017-12-19,,,,,,,,3.0,7679000000.0,80745000000.0,53860000000.0,386000000.0,11816000000.0,134991000000.0,27065000000.0,27598000000.0,8264000000.0,43045000000.0,-803000000.0,4397000000.0,21784000000.0,24178000000.0,1143000000.0,9797000000.0,-803000000.0,5315000000.0,74515000000.0,40000000.0,3136000000.0,44294000000.0,6094000000.0,48303000000.0,300000000.0,599000000.0,,
2017-12-31 00:00:00,,,,,,,,3.0,7679000000.0,80745000000.0,53860000000.0,386000000.0,11816000000.0,134991000000.0,27065000000.0,27598000000.0,8264000000.0,43045000000.0,-803000000.0,4397000000.0,21784000000.0,24178000000.0,1143000000.0,9797000000.0,-803000000.0,5315000000.0,74515000000.0,40000000.0,3136000000.0,44294000000.0,6094000000.0,48303000000.0,300000000.0,599000000.0,37792000000.0,9452000000.0
2018-01-03,,,,,,,,4.0,7679000000.0,80745000000.0,53860000000.0,386000000.0,11816000000.0,134991000000.0,27065000000.0,27598000000.0,8264000000.0,43045000000.0,-803000000.0,4397000000.0,21784000000.0,24178000000.0,1143000000.0,9797000000.0,-803000000.0,5315000000.0,74515000000.0,40000000.0,3136000000.0,44294000000.0,6094000000.0,48303000000.0,300000000.0,599000000.0,37792000000.0,9452000000.0
2018-01-24,,,,,,,,5.0,7679000000.0,80745000000.0,53860000000.0,386000000.0,11816000000.0,134991000000.0,27065000000.0,27598000000.0,8264000000.0,43045000000.0,-803000000.0,4397000000.0,21784000000.0,24178000000.0,1143000000.0,9797000000.0,-803000000.0,5315000000.0,74515000000.0,40000000.0,3136000000.0,44294000000.0,6094000000.0,48303000000.0,300000000.0,599000000.0,37792000000.0,9452000000.0
2018-03-12,,,,,,,,4.0,7679000000.0,80745000000.0,53860000000.0,386000000.0,11816000000.0,134991000000.0,27065000000.0,27598000000.0,8264000000.0,43045000000.0,-803000000.0,4397000000.0,21784000000.0,24178000000.0,1143000000.0,9797000000.0,-803000000.0,5315000000.0,74515000000.0,40000000.0,3136000000.0,44294000000.0,6094000000.0,48303000000.0,300000000.0,599000000.0,37792000000.0,9452000000.0
2018-03-20,,,,,,,,3.4,7679000000.0,80745000000.0,53860000000.0,386000000.0,11816000000.0,134991000000.0,27065000000.0,27598000000.0,8264000000.0,43045000000.0,-803000000.0,4397000000.0,21784000000.0,24178000000.0,1143000000.0,9797000000.0,-803000000.0,5315000000.0,74515000000.0,40000000.0,3136000000.0,44294000000.0,6094000000.0,48303000000.0,300000000.0,599000000.0,37792000000.0,9452000000.0
2018-04-11,,,,,,,,3.0,7679000000.0,80745000000.0,53860000000.0,386000000.0,11816000000.0,134991000000.0,27065000000.0,27598000000.0,8264000000.0,43045000000.0,-803000000.0,4397000000.0,21784000000.0,24178000000.0,1143000000.0,9797000000.0,-803000000.0,5315000000.0,74515000000.0,40000000.0,3136000000.0,44294000000.0,6094000000.0,48303000000.0,300000000.0,599000000.0,37792000000.0,9452000000.0
2018-05-31,,,,,,,,3.0,6670000000.0,90978000000.0,46372000000.0,501000000.0,12291000000.0,137851000000.0,28950000000.0,19111000000.0,15575000000.0,43755000000.0,-1689000000.0,5341000000.0,21620000000.0,19124000000.0,1395000000.0,4498000000.0,-1689000000.0,5897000000.0,76159000000.0,29000000.0,-4053000000.0,45641000000.0,5938000000.0,56279000000.0,398000000.0,529000000.0,37792000000.0,9452000000.0
2018-06-14,,,,,,,,4.0,6670000000.0,90978000000.0,46372000000.0,501000000.0,12291000000.0,137851000000.0,28950000000.0,19111000000.0,15575000000.0,43755000000.0,-1689000000.0,5341000000.0,21620000000.0,19124000000.0,1395000000.0,4498000000.0,-1689000000.0,5897000000.0,76159000000.0,29000000.0,-4053000000.0,45641000000.0,5938000000.0,56279000000.0,398000000.0,529000000.0,37792000000.0,9452000000.0
2018-06-20,,,,,,,,3.0,6670000000.0,90978000000.0,46372000000.0,501000000.0,12291000000.0,137851000000.0,28950000000.0,19111000000.0,15575000000.0,43755000000.0,-1689000000.0,5341000000.0,21620000000.0,19124000000.0,1395000000.0,4498000000.0,-1689000000.0,5897000000.0,76159000000.0,29000000.0,-4053000000.0,45641000000.0,5938000000.0,56279000000.0,398000000.0,529000000.0,37792000000.0,9452000000.0
2018-06-28,,,,,,,,4.0,6670000000.0,90978000000.0,46372000000.0,501000000.0,12291000000.0,137851000000.0,28950000000.0,19111000000.0,15575000000.0,43755000000.0,-1689000000.0,5341000000.0,21620000000.0,19124000000.0,1395000000.0,4498000000.0,-1689000000.0,5897000000.0,76159000000.0,29000000.0,-4053000000.0,45641000000.0,5938000000.0,56279000000.0,398000000.0,529000000.0,37792000000.0,9452000000.0
2018-06-29,,,,,,,,5.0,6670000000.0,90978000000.0,46372000000.0,501000000.0,12291000000.0,137851000000.0,28950000000.0,19111000000.0,15575000000.0,43755000000.0,-1689000000.0,5341000000.0,21620000000.0,19124000000.0,1395000000.0,4498000000.0,-1689000000.0,5897000000.0,76159000000.0,29000000.0,-4053000000.0,45641000000.0,5938000000.0,56279000000.0,398000000.0,529000000.0,37792000000.0,9452000000.0
2018-09-07,,,,,,,,4.0,6670000000.0,90978000000.0,46372000000.0,501000000.0,12291000000.0,137851000000.0,28950000000.0,19111000000.0,15575000000.0,43755000000.0,-1689000000.0,5341000000.0,21620000000.0,19124000000.0,1395000000.0,4498000000.0,-1689000000.0,5897000000.0,76159000000.0,29000000.0,-4053000000.0,45641000000.0,5938000000.0,56279000000.0,398000000.0,529000000.0,37792000000.0,9452000000.0
2018-09-18,,,,,,,,3.5,6670000000.0,90978000000.0,46372000000.0,501000000.0,12291000000.0,137851000000.0,28950000000.0,19111000000.0,15575000000.0,43755000000.0,-1689000000.0,5341000000.0,21620000000.0,19124000000.0,1395000000.0,4498000000.0,-1689000000.0,5897000000.0,76159000000.0,29000000.0,-4053000000.0,45641000000.0,5938000000.0,56279000000.0,398000000.0,529000000.0,37792000000.0,9452000000.0
2018-10-03,,,,,,,,3.0,6670000000.0,90978000000.0,46372000000.0,501000000.0,12291000000.0,137851000000.0,28950000000.0,19111000000.0,15575000000.0,43755000000.0,-1689000000.0,5341000000.0,21620000000.0,19124000000.0,1395000000.0,4498000000.0,-1689000000.0,5897000000.0,76159000000.0,29000000.0,-4053000000.0,45641000000.0,5938000000.0,56279000000.0,398000000.0,529000000.0,37792000000.0,9452000000.0
2018-10-23,,,,,,,,3.0,6670000000.0,90978000000.0,46372000000.0,501000000.0,12291000000.0,137851000000.0,28950000000.0,19111000000.0,15575000000.0,43755000000.0,-1689000000.0,5341000000.0,21620000000.0,19124000000.0,1395000000.0,4498000000.0,-1689000000.0,5897000000.0,76159000000.0,29000000.0,-4053000000.0,45641000000.0,5938000000.0,56279000000.0,398000000.0,529000000.0,37792000000.0,9452000000.0
2018-10-26,,,,,,,,5.0,6670000000.0,90978000000.0,46372000000.0,501000000.0,12291000000.0,137851000000.0,28950000000.0,19111000000.0,15575000000.0,43755000000.0,-1689000000.0,5341000000.0,21620000000.0,19124000000.0,1395000000.0,4498000000.0,-1689000000.0,5897000000.0,76159000000.0,29000000.0,-4053000000.0,45641000000.0,5938000000.0,56279000000.0,398000000.0,529000000.0,37792000000.0,9452000000.0
2018-12-26,,,,,,,,5.0,6670000000.0,90978000000.0,46372000000.0,501000000.0,12291000000.0,137851000000.0,28950000000.0,19111000000.0,15575000000.0,43755000000.0,-1689000000.0,5341000000.0,21620000000.0,19124000000.0,1395000000.0,4498000000.0,-1689000000.0,5897000000.0,76159000000.0,29000000.0,-4053000000.0,45641000000.0,5938000000.0,56279000000.0,398000000.0,529000000.0,37792000000.0,9452000000.0
2018-12-31 00:00:00,,,,,,,,5.0,6670000000.0,90978000000.0,46372000000.0,501000000.0,12291000000.0,137851000000.0,28950000000.0,19111000000.0,15575000000.0,43755000000.0,-1689000000.0,5341000000.0,21620000000.0,19124000000.0,1395000000.0,4498000000.0,-1689000000.0,5897000000.0,76159000000.0,29000000.0,-4053000000.0,45641000000.0,5938000000.0,56279000000.0,398000000.0,529000000.0,39383000000.0,3587000000.0
2019-01-09,,,,,,,,2.5,6670000000.0,90978000000.0,46372000000.0,501000000.0,12291000000.0,137851000000.0,28950000000.0,19111000000.0,15575000000.0,43755000000.0,-1689000000.0,5341000000.0,21620000000.0,19124000000.0,1395000000.0,4498000000.0,-1689000000.0,5897000000.0,76159000000.0,29000000.0,-4053000000.0,45641000000.0,5938000000.0,56279000000.0,398000000.0,529000000.0,39383000000.0,3587000000.0
2019-01-15,,,,,,,,3.0,6670000000.0,90978000000.0,46372000000.0,501000000.0,12291000000.0,137851000000.0,28950000000.0,19111000000.0,15575000000.0,43755000000.0,-1689000000.0,5341000000.0,21620000000.0,19124000000.0,1395000000.0,4498000000.0,-1689000000.0,5897000000.0,76159000000.0,29000000.0,-4053000000.0,45641000000.0,5938000000.0,56279000000.0,398000000.0,529000000.0,39383000000.0,3587000000.0
2019-03-11,,,,,,,,1.5,6670000000.0,90978000000.0,46372000000.0,501000000.0,12291000000.0,137851000000.0,28950000000.0,19111000000.0,15575000000.0,43755000000.0,-1689000000.0,5341000000.0,21620000000.0,19124000000.0,1395000000.0,4498000000.0,-1689000000.0,5897000000.0,76159000000.0,29000000.0,-4053000000.0,45641000000.0,5938000000.0,56279000000.0,398000000.0,529000000.0,39383000000.0,3587000000.0
2019-03-15,,,,,,,,3.3333333333333335,6670000000.0,90978000000.0,46372000000.0,501000000.0,12291000000.0,137851000000.0,28950000000.0,19111000000.0,15575000000.0,43755000000.0,-1689000000.0,5341000000.0,21620000000.0,19124000000.0,1395000000.0,4498000000.0,-1689000000.0,5897000000.0,76159000000.0,29000000.0,-4053000000.0,45641000000.0,5938000000.0,56279000000.0,398000000.0,529000000.0,39383000000.0,3587000000.0
2019-03-29,,,,,,,,3.0,6670000000.0,90978000000.0,46372000000.0,501000000.0,12291000000.0,137851000000.0,28950000000.0,19111000000.0,15575000000.0,43755000000.0,-1689000000.0,5341000000.0,21620000000.0,19124000000.0,1395000000.0,4498000000.0,-1689000000.0,5897000000.0,76159000000.0,29000000.0,-4053000000.0,45641000000.0,5938000000.0,56279000000.0,398000000.0,529000000.0,39383000000.0,3587000000.0
2019-05-21,,,,,,,,3.0,6670000000.0,90978000000.0,46372000000.0,501000000.0,12291000000.0,137851000000.0,28950000000.0,19111000000.0,15575000000.0,43755000000.0,-1689000000.0,5341000000.0,21620000000.0,19124000000.0,1395000000.0,4498000000.0,-1689000000.0,5897000000.0,76159000000.0,29000000.0,-4053000000.0,45641000000.0,5938000000.0,56279000000.0,398000000.0,529000000.0,39383000000.0,3587000000.0
2019-05-31,,,,,,,,3.0,5279000000.0,86346000000.0,21785000000.0,578000000.0,11923000000.0,108709000000.0,26909000000.0,-3496000000.0,15818000000.0,43779000000.0,-1628000000.0,7008000000.0,20514000000.0,18630000000.0,2696000000.0,4499000000.0,-1628000000.0,6252000000.0,46386000000.0,5000000.0,-27273000000.0,17313000000.0,5910000000.0,51898000000.0,320000000.0,580000000.0,39383000000.0,3587000000.0
2019-06-18,,,,,,,,3.0,5279000000.0,86346000000.0,21785000000.0,578000000.0,11923000000.0,108709000000.0,26909000000.0,-3496000000.0,15818000000.0,43779000000.0,-1628000000.0,7008000000.0,20514000000.0,18630000000.0,2696000000.0,4499000000.0,-1628000000.0,6252000000.0,46386000000.0,5000000.0,-27273000000.0,17313000000.0,5910000000.0,51898000000.0,320000000.0,580000000.0,39383000000.0,3587000000.0
2019-06-20,,,,,,,,3.3333333333333335,5279000000.0,86346000000.0,21785000000.0,578000000.0,11923000000.0,108709000000.0,26909000000.0,-3496000000.0,15818000000.0,43779000000.0,-1628000000.0,7008000000.0,20514000000.0,18630000000.0,2696000000.0,4499000000.0,-1628000000.0,6252000000.0,46386000000.0,5000000.0,-27273000000.0,17313000000.0,5910000000.0,51898000000.0,320000000.0,580000000.0,39383000000.0,3587000000.0
2019-09-12,,,,,,,,3.0,5279000000.0,86346000000.0,21785000000.0,578000000.0,11923000000.0,108709000000.0,26909000000.0,-3496000000.0,15818000000.0,43779000000.0,-1628000000.0,7008000000.0,20514000000.0,18630000000.0,2696000000.0,4499000000.0,-1628000000.0,6252000000.0,46386000000.0,5000000.0,-27273000000.0,17313000000.0,5910000000.0,51898000000.0,320000000.0,580000000.0,39383000000.0,3587000000.0
2019-09-27,,,,,,,,3.0,5279000000.0,86346000000.0,21785000000.0,578000000.0,11923000000.0,108709000000.0,26909000000.0,-3496000000.0,15818000000.0,43779000000.0,-1628000000.0,7008000000.0,20514000000.0,18630000000.0,2696000000.0,4499000000.0,-1628000000.0,6252000000.0,46386000000.0,5000000.0,-27273000000.0,17313000000.0,5910000000.0,51898000000.0,320000000.0,580000000.0,39383000000.0,3587000000.0
2019-10-08,,,,,,,,3.0,5279000000.0,86346000000.0,21785000000.0,578000000.0,11923000000.0,108709000000.0,26909000000.0,-3496000000.0,15818000000.0,43779000000.0,-1628000000.0,7008000000.0,20514000000.0,18630000000.0,2696000000.0,4499000000.0,-1628000000.0,6252000000.0,46386000000.0,5000000.0,-27273000000.0,17313000000.0,5910000000.0,51898000000.0,320000000.0,580000000.0,39383000000.0,3587000000.0
2019-12-13,,,,,,,,3.3333333333333335,5279000000.0,86346000000.0,21785000000.0,578000000.0,11923000000.0,108709000000.0,26909000000.0,-3496000000.0,15818000000.0,43779000000.0,-1628000000.0,7008000000.0,20514000000.0,18630000000.0,2696000000.0,4499000000.0,-1628000000.0,6252000000.0,46386000000.0,5000000.0,-27273000000.0,17313000000.0,5910000000.0,51898000000.0,320000000.0,580000000.0,39383000000.0,3587000000.0
2019-12-16,,,,,,,,1.5,5279000000.0,86346000000.0,21785000000.0,578000000.0,11923000000.0,108709000000.0,26909000000.0,-3496000000.0,15818000000.0,43779000000.0,-1628000000.0,7008000000.0,20514000000.0,18630000000.0,2696000000.0,4499000000.0,-1628000000.0,6252000000.0,46386000000.0,5000000.0,-27273000000.0,17313000000.0,5910000000.0,51898000000.0,320000000.0,580000000.0,39383000000.0,3587000000.0
2019-12-31 00:00:00,,,,,,,,1.5,5279000000.0,86346000000.0,21785000000.0,578000000.0,11923000000.0,108709000000.0,26909000000.0,-3496000000.0,15818000000.0,43779000000.0,-1628000000.0,7008000000.0,20514000000.0,18630000000.0,2696000000.0,4499000000.0,-1628000000.0,6252000000.0,46386000000.0,5000000.0,-27273000000.0,17313000000.0,5910000000.0,51898000000.0,320000000.0,580000000.0,39506000000.0,11083000000.0
2020-03-04,,,,,,,,5.0,5279000000.0,86346000000.0,21785000000.0,578000000.0,11923000000.0,108709000000.0,26909000000.0,-3496000000.0,15818000000.0,43779000000.0,-1628000000.0,7008000000.0,20514000000.0,18630000000.0,2696000000.0,4499000000.0,-1628000000.0,6252000000.0,46386000000.0,5000000.0,-27273000000.0,17313000000.0,5910000000.0,51898000000.0,320000000.0,580000000.0,39506000000.0,11083000000.0
2020-03-09,,,,,,,,5.0,5279000000.0,86346000000.0,21785000000.0,578000000.0,11923000000.0,108709000000.0,26909000000.0,-3496000000.0,15818000000.0,43779000000.0,-1628000000.0,7008000000.0,20514000000.0,18630000000.0,2696000000.0,4499000000.0,-1628000000.0,6252000000.0,46386000000.0,5000000.0,-27273000000.0,17313000000.0,5910000000.0,51898000000.0,320000000.0,580000000.0,39506000000.0,11083000000.0
2020-03-13,,,,,,,,3.75,5279000000.0,86346000000.0,21785000000.0,578000000.0,11923000000.0,108709000000.0,26909000000.0,-3496000000.0,15818000000.0,43779000000.0,-1628000000.0,7008000000.0,20514000000.0,18630000000.0,2696000000.0,4499000000.0,-1628000000.0,6252000000.0,46386000000.0,5000000.0,-27273000000.0,17313000000.0,5910000000.0,51898000000.0,320000000.0,580000000.0,39506000000.0,11083000000.0
2020-03-20,,,,,,,,4.0,5279000000.0,86346000000.0,21785000000.0,578000000.0,11923000000.0,108709000000.0,26909000000.0,-3496000000.0,15818000000.0,43779000000.0,-1628000000.0,7008000000.0,20514000000.0,18630000000.0,2696000000.0,4499000000.0,-1628000000.0,6252000000.0,46386000000.0,5000000.0,-27273000000.0,17313000000.0,5910000000.0,51898000000.0,320000000.0,580000000.0,39506000000.0,11083000000.0
2020-03-31,,,,,,,,3.5,5279000000.0,86346000000.0,21785000000.0,578000000.0,11923000000.0,108709000000.0,26909000000.0,-3496000000.0,15818000000.0,43779000000.0,-1628000000.0,7008000000.0,20514000000.0,18630000000.0,2696000000.0,4499000000.0,-1628000000.0,6252000000.0,46386000000.0,5000000.0,-27273000000.0,17313000000.0,5910000000.0,51898000000.0,320000000.0,580000000.0,39506000000.0,11083000000.0
2020-05-31,,,,,,,,3.5,3738000000.0,102721000000.0,12074000000.0,643000000.0,11913000000.0,115438000000.0,26486000000.0,-12696000000.0,14755000000.0,43769000000.0,-1716000000.0,7518000000.0,37239000000.0,17200000000.0,3252000000.0,2622000000.0,-1716000000.0,8244000000.0,52140000000.0,29000000.0,-35433000000.0,5818000000.0,6329000000.0,69243000000.0,211000000.0,637000000.0,39506000000.0,11083000000.0
2020-06-12,,,,,,,,3.0,3738000000.0,102721000000.0,12074000000.0,643000000.0,11913000000.0,115438000000.0,26486000000.0,-12696000000.0,14755000000.0,43769000000.0,-1716000000.0,7518000000.0,37239000000.0,17200000000.0,3252000000.0,2622000000.0,-1716000000.0,8244000000.0,52140000000.0,29000000.0,-35433000000.0,5818000000.0,6329000000.0,69243000000.0,211000000.0,637000000.0,39506000000.0,11083000000.0
2020-06-17,,,,,,,,3.4,3738000000.0,102721000000.0,12074000000.0,643000000.0,11913000000.0,115438000000.0,26486000000.0,-12696000000.0,14755000000.0,43769000000.0,-1716000000.0,7518000000.0,37239000000.0,17200000000.0,3252000000.0,2622000000.0,-1716000000.0,8244000000.0,52140000000.0,29000000.0,-35433000000.0,5818000000.0,6329000000.0,69243000000.0,211000000.0,637000000.0,39506000000.0,11083000000.0
2020-07-09,,,,,,,,4.0,3738000000.0,102721000000.0,12074000000.0,643000000.0,11913000000.0,115438000000.0,26486000000.0,-12696000000.0,14755000000.0,43769000000.0,-1716000000.0,7518000000.0,37239000000.0,17200000000.0,3252000000.0,2622000000.0,-1716000000.0,8244000000.0,52140000000.0,29000000.0,-35433000000.0,5818000000.0,6329000000.0,69243000000.0,211000000.0,637000000.0,39506000000.0,11083000000.0
2020-09-11,,,,,,,,3.2,3738000000.0,102721000000.0,12074000000.0,643000000.0,11913000000.0,115438000000.0,26486000000.0,-12696000000.0,14755000000.0,43769000000.0,-1716000000.0,7518000000.0,37239000000.0,17200000000.0,3252000000.0,2622000000.0,-1716000000.0,8244000000.0,52140000000.0,29000000.0,-35433000000.0,5818000000.0,6329000000.0,69243000000.0,211000000.0,637000000.0,39506000000.0,11083000000.0
2020-09-21,,,,,,,,4.0,3738000000.0,102721000000.0,12074000000.0,643000000.0,11913000000.0,115438000000.0,26486000000.0,-12696000000.0,14755000000.0,43769000000.0,-1716000000.0,7518000000.0,37239000000.0,17200000000.0,3252000000.0,2622000000.0,-1716000000.0,8244000000.0,52140000000.0,29000000.0,-35433000000.0,5818000000.0,6329000000.0,69243000000.0,211000000.0,637000000.0,39506000000.0,11083000000.0
2020-10-14,,,,,,,,3.0,3738000000.0,102721000000.0,12074000000.0,643000000.0,11913000000.0,115438000000.0,26486000000.0,-12696000000.0,14755000000.0,43769000000.0,-1716000000.0,7518000000.0,37239000000.0,17200000000.0,3252000000.0,2622000000.0,-1716000000.0,8244000000.0,52140000000.0,29000000.0,-35433000000.0,5818000000.0,6329000000.0,69243000000.0,211000000.0,637000000.0,39506000000.0,11083000000.0
2020-11-24,,,,,,,,4.0,3738000000.0,102721000000.0,12074000000.0,643000000.0,11913000000.0,115438000000.0,26486000000.0,-12696000000.0,14755000000.0,43769000000.0,-1716000000.0,7518000000.0,37239000000.0,17200000000.0,3252000000.0,2622000000.0,-1716000000.0,8244000000.0,52140000000.0,29000000.0,-35433000000.0,5818000000.0,6329000000.0,69243000000.0,211000000.0,637000000.0,39506000000.0,11083000000.0
2020-12-08,,,,,,,,3.0,3738000000.0,102721000000.0,12074000000.0,643000000.0,11913000000.0,115438000000.0,26486000000.0,-12696000000.0,14755000000.0,43769000000.0,-1716000000.0,7518000000.0,37239000000.0,17200000000.0,3252000000.0,2622000000.0,-1716000000.0,8244000000.0,52140000000.0,29000000.0,-35433000000.0,5818000000.0,6329000000.0,69243000000.0,211000000.0,637000000.0,39506000000.0,11083000000.0
2020-12-11,,,,,,,,3.3333333333333335,3738000000.0,102721000000.0,12074000000.0,643000000.0,11913000000.0,115438000000.0,26486000000.0,-12696000000.0,14755000000.0,43769000000.0,-1716000000.0,7518000000.0,37239000000.0,17200000000.0,3252000000.0,2622000000.0,-1716000000.0,8244000000.0,52140000000.0,29000000.0,-35433000000.0,5818000000.0,6329000000.0,69243000000.0,211000000.0,637000000.0,39506000000.0,11083000000.0
2020-12-31 00:00:00,,,,,,,,3.3333333333333335,3738000000.0,102721000000.0,12074000000.0,643000000.0,11913000000.0,115438000000.0,26486000000.0,-12696000000.0,14755000000.0,43769000000.0,-1716000000.0,7518000000.0,37239000000.0,17200000000.0,3252000000.0,2622000000.0,-1716000000.0,8244000000.0,52140000000.0,29000000.0,-35433000000.0,5818000000.0,6329000000.0,69243000000.0,211000000.0,637000000.0,39068000000.0,10135000000.0
2021-01-15,,,,,,,,4.0,3738000000.0,102721000000.0,12074000000.0,643000000.0,11913000000.0,115438000000.0,26486000000.0,-12696000000.0,14755000000.0,43769000000.0,-1716000000.0,7518000000.0,37239000000.0,17200000000.0,3252000000.0,2622000000.0,-1716000000.0,8244000000.0,52140000000.0,29000000.0,-35433000000.0,5818000000.0,6329000000.0,69243000000.0,211000000.0,637000000.0,39068000000.0,10135000000.0
2021-01-22,,,,,,,,1.0,3738000000.0,102721000000.0,12074000000.0,643000000.0,11913000000.0,115438000000.0,26486000000.0,-12696000000.0,14755000000.0,43769000000.0,-1716000000.0,7518000000.0,37239000000.0,17200000000.0,3252000000.0,2622000000.0,-1716000000.0,8244000000.0,52140000000.0,29000000.0,-35433000000.0,5818000000.0,6329000000.0,69243000000.0,211000000.0,637000000.0,39068000000.0,10135000000.0
2021-03-05,,,,,,,,4.0,3738000000.0,102721000000.0,12074000000.0,643000000.0,11913000000.0,115438000000.0,26486000000.0,-12696000000.0,14755000000.0,43769000000.0,-1716000000.0,7518000000.0,37239000000.0,17200000000.0,3252000000.0,2622000000.0,-1716000000.0,8244000000.0,52140000000.0,29000000.0,-35433000000.0,5818000000.0,6329000000.0,69243000000.0,211000000.0,637000000.0,39068000000.0,10135000000.0
2021-03-09,,,,,,,,4.0,3738000000.0,102721000000.0,12074000000.0,643000000.0,11913000000.0,115438000000.0,26486000000.0,-12696000000.0,14755000000.0,43769000000.0,-1716000000.0,7518000000.0,37239000000.0,17200000000.0,3252000000.0,2622000000.0,-1716000000.0,8244000000.0,52140000000.0,29000000.0,-35433000000.0,5818000000.0,6329000000.0,69243000000.0,211000000.0,637000000.0,39068000000.0,10135000000.0
2021-03-11,,,,,,,,3.4,3738000000.0,102721000000.0,12074000000.0,643000000.0,11913000000.0,115438000000.0,26486000000.0,-12696000000.0,14755000000.0,43769000000.0,-1716000000.0,7518000000.0,37239000000.0,17200000000.0,3252000000.0,2622000000.0,-1716000000.0,8244000000.0,52140000000.0,29000000.0,-35433000000.0,5818000000.0,6329000000.0,69243000000.0,211000000.0,637000000.0,39068000000.0,10135000000.0
2021-04-07,73.5999984741211,74.18000030517578,73.44999694824219,73.98999786376953,9122618.0,0.0,0.0,3.4,3738000000.0,102721000000.0,12074000000.0,643000000.0,11913000000.0,115438000000.0,26486000000.0,-12696000000.0,14755000000.0,43769000000.0,-1716000000.0,7518000000.0,37239000000.0,17200000000.0,3252000000.0,2622000000.0,-1716000000.0,8244000000.0,52140000000.0,29000000.0,-35433000000.0,5818000000.0,6329000000.0,69243000000.0,211000000.0,637000000.0,39068000000.0,10135000000.0
